mav-ch1,mav-ch2,mav-ch3,mav-ch4,mav-ch5,mav-ch6,mav-ch7,mav-ch8,wl-ch1,wl-ch2,wl-ch3,wl-ch4,wl-ch5,wl-ch6,wl-ch7,wl-ch8,zc-ch1,zc-ch2,zc-ch3,zc-ch4,zc-ch5,zc-ch6,zc-ch7,zc-ch8,ssc-ch1,ssc-ch2,ssc-ch3,ssc-ch4,ssc-ch5,ssc-ch6,ssc-ch7,ssc-ch8,Movement
0.3912029669145466,0.3533208598986973,0.3970733001978462,0.4109118715852985,1.0,0.36933915274565404,0.33523658015479435,0.34452822996308524,0.39425756875543144,0.37355328331664966,0.39613632706603075,0.4295199321662159,1.0,0.40863180263857896,0.2665840834126417,0.24177355841752918,0.9120879120879121,0.9230769230769231,0.9340659340659341,0.8901098901098901,0.9120879120879121,0.8956043956043956,0.9560439560439561,1.0,0.7278481012658228,0.7468354430379747,0.7658227848101266,0.7088607594936709,1.0,0.740506329113924,0.7658227848101266,0.7784810126582279,3
0.024064631501824404,0.02542562912972004,0.02455469518625813,0.02557481580460623,1.0,0.021761613819152845,0.025738760224002427,0.023541319033626284,0.5611455959018857,0.5858061424086288,0.5767460523822687,0.5840248542785471,1.0,0.5671408887497738,0.5974345445709813,0.5681725004391943,0.8636363636363636,0.8636363636363636,0.8434343434343434,0.8636363636363636,1.0,0.7676767676767676,0.8636363636363636,0.8535353535353535,0.5949367088607594,0.5949367088607594,0.6075949367088608,0.620253164556962,1.0,0.6455696202531646,0.569620253164557,0.5569620253164557,2
0.024004848372955193,0.02415761723092495,0.021969986917797606,0.0240858529997166,1.0,0.020732638795036226,0.02265810163481126,0.02312015518278705,0.4758440396718738,0.44209509493775534,0.4428130983622769,0.4879513627309042,1.0,0.3943132315176725,0.3756092793495693,0.42945723872716685,0.7777777777777778,0.797979797979798,0.7676767676767676,0.797979797979798,1.0,0.8080808080808081,0.8131313131313131,0.797979797979798,0.7013888888888888,0.7847222222222222,0.7013888888888888,0.6597222222222222,1.0,0.7777777777777778,0.7013888888888888,0.7152777777777778,3
0.0217791617030762,0.019420070286697066,0.019849483402913516,0.023677563572153795,1.0,0.023148896521827316,0.023109380622475032,0.023426906597114563,0.23563316686377342,0.2076295255474444,0.20879170195740157,0.2647143433964446,1.0,0.2582331238998264,0.26279928461271684,0.2638715373474853,0.9141414141414141,0.9040404040404041,0.9343434343434344,0.9242424242424242,1.0,0.9242424242424242,0.9090909090909091,0.9040404040404041,0.83125,0.79375,0.78125,0.80625,1.0,0.80625,0.81875,0.81875,0
0.5039183496960854,0.43740078361845036,0.49998867638513045,0.5553505990493741,1.0,0.6223902153406025,0.47367680060430195,0.5391991480775553,0.6128031963139215,0.614175321381008,0.7098811673007802,0.746193833226961,1.0,0.9657323211852815,0.6050207828598931,0.5475366904733941,0.9375,0.875,0.8625,0.9375,1.0,0.85625,0.9625,1.0,0.6075949367088608,0.5886075949367089,0.5949367088607594,0.6518987341772152,1.0,0.6708860759493671,0.569620253164557,0.740506329113924,1
0.028467029244650843,0.029459535733930346,0.030217906119641556,0.028614365647470337,1.0,0.02699536484893094,0.029085243952534676,0.02731154806812876,0.6525436568784481,0.6481354285086508,0.6256809412930852,0.6537167526230364,1.0,0.657174680181102,0.6705876564417204,0.6180643026363437,0.7929292929292929,0.803030303030303,0.8080808080808081,0.8131313131313131,1.0,0.7727272727272727,0.8080808080808081,0.7626262626262627,0.6466666666666666,0.62,0.6666666666666666,0.6733333333333333,1.0,0.6466666666666666,0.7266666666666667,0.6866666666666666,2
0.4880142256057242,0.39905603604988527,0.3995805599724733,0.4852791240530209,1.0,0.4862011366962982,0.47594351219689435,0.499868058199157,0.21715417721412097,0.18758323097679455,0.1902379645621419,0.2500086660909025,1.0,0.22901825381001387,0.23711704063442698,0.24732373194705842,1.0,0.9887640449438202,0.9662921348314607,1.0,0.8932584269662921,1.0,0.9887640449438202,1.0,0.7295597484276729,0.7421383647798742,0.7421383647798742,0.779874213836478,1.0,0.779874213836478,0.7672955974842768,0.7924528301886793,0
0.10779743269686061,0.11176877359600533,0.10956250834715628,0.10746680005353906,1.0,0.09746626336152184,0.09927399697224203,0.08996755131374223,0.6366456399254017,0.5680750710898644,0.35874830722775436,0.4061910598162358,1.0,0.5929106238492273,0.27330045895816557,0.38611289245306774,0.8984771573604061,0.9441624365482234,0.9644670050761421,0.9746192893401016,1.0,0.9543147208121827,0.9644670050761421,0.9644670050761421,0.6878980891719745,0.6942675159235668,0.7133757961783439,0.6496815286624203,1.0,0.7515923566878981,0.8152866242038217,0.7006369426751592,1
1.0,0.7131426136927063,0.811107945217445,0.5963122347294564,0.867642266362546,0.4871861030464828,0.47958246495969387,0.6588549086318818,0.5490155035614239,0.9228664930458516,0.7140002445336926,0.7030004588937,0.5923128076046088,0.5025707292622276,0.45750289263026594,1.0,1.0,0.7848837209302325,0.936046511627907,0.7906976744186046,0.9593023255813954,0.877906976744186,0.8662790697674418,0.7034883720930233,0.5534591194968553,0.6855345911949685,0.6415094339622641,0.6163522012578616,1.0,0.6477987421383647,0.6477987421383647,0.610062893081761,2
0.5774849940179712,0.49006278419653626,0.4656850018986442,0.6414699723024224,1.0,0.610705493273422,0.6086100609931955,0.6289639859866979,0.31425876232270183,0.2591390119369552,0.2402078444092888,0.38504286843369123,1.0,0.3459458891180999,0.34906688944250014,0.37077854955678347,0.9560439560439561,0.978021978021978,1.0,0.9560439560439561,0.9560439560439561,0.967032967032967,0.9560439560439561,0.967032967032967,0.8301886792452831,0.8301886792452831,0.8050314465408805,0.8427672955974843,1.0,0.8176100628930818,0.8176100628930818,0.8553459119496856,0
0.9723930657242585,0.7785881334784184,0.7822981705268591,0.9631782090739651,0.6546129685176353,0.943633443041828,0.9691484293150641,1.0,0.9093300204051742,0.9903338808776315,0.8876054651660358,0.8829828747933413,1.0,0.6982224257777296,0.6785316083788201,0.9188230723981679,0.9891304347826086,0.9347826086956522,0.9239130434782609,0.9565217391304348,0.8858695652173914,0.9456521739130435,0.9782608695652174,1.0,0.6518987341772152,0.6582278481012658,0.6645569620253164,0.689873417721519,1.0,0.7278481012658228,0.6139240506329114,0.6518987341772152,2
0.014686333541113294,0.01650170590730262,0.016577622919023028,0.016117900435166012,1.0,0.014435865771303348,0.013422651065595977,0.01378287219213635,0.424802946979252,0.44066928055789917,0.4951595493387812,0.5175881662178746,1.0,0.3887917043856837,0.37104707609596993,0.3800627403087636,0.7676767676767676,0.7323232323232324,0.7121212121212122,0.7070707070707071,1.0,0.7878787878787878,0.7676767676767676,0.7474747474747475,0.7253521126760564,0.7816901408450704,0.7112676056338029,0.6408450704225352,1.0,0.7535211267605634,0.7112676056338029,0.6690140845070423,3
0.019451002259579606,0.01947794220129865,0.019768731419599585,0.02068415996610197,1.0,0.018131042480206215,0.018425728160285766,0.022011695459752793,0.41752756152077874,0.5471076423974688,0.4799959281495294,0.42006647624524146,1.0,0.32463454267672687,0.28578377654040543,0.5116304216623191,0.826530612244898,0.7704081632653061,0.8367346938775511,0.8061224489795918,1.0,0.8775510204081632,0.8622448979591837,0.8163265306122449,0.6792452830188679,0.6792452830188679,0.6981132075471698,0.7610062893081762,1.0,0.779874213836478,0.7547169811320755,0.6415094339622641,2
0.5336345273103755,0.46412638341519696,0.4758699077491131,0.5638232146236252,1.0,0.540473728909517,0.5352200518793714,0.5546846542159397,0.23264888844800488,0.20352401188395972,0.2058956300710098,0.266946717535712,1.0,0.24357737805243446,0.23479277904111065,0.24133729456883118,1.0,0.9888888888888889,1.0,0.9888888888888889,0.8833333333333333,1.0,1.0,0.9888888888888889,0.8291139240506329,0.7784810126582279,0.8037974683544303,0.7974683544303798,1.0,0.7911392405063291,0.7341772151898734,0.8291139240506329,0
1.0,0.9121995324601756,0.8199792078380579,0.7359555530420292,0.9224177306142121,0.6179406367620114,0.5943506713540316,0.8475443610995521,0.6620186119271437,0.9759463661242864,0.7655040048487395,0.6818137397372117,0.6564539541787985,0.5508020606544424,0.5264684153397843,1.0,1.0,0.8511904761904762,0.9345238095238095,0.875,0.9464285714285714,0.9107142857142857,0.9107142857142857,0.8154761904761905,0.6163522012578616,0.6352201257861635,0.6792452830188679,0.6666666666666666,1.0,0.6792452830188679,0.6226415094339622,0.6540880503144654,2
0.6235299372251156,0.5285585422860531,0.6422614262345256,0.7879479935887391,1.0,0.7758488685546804,0.6776739052383455,0.6691226810509757,0.5213757425347229,0.4667064319155187,0.6093501341107312,0.6871172798263061,1.0,0.9255726915864365,0.6121644593609947,0.5069666584406313,0.9715909090909091,0.9431818181818182,0.9886363636363636,0.9886363636363636,0.9090909090909091,0.8920454545454546,1.0,0.9715909090909091,0.689873417721519,0.6582278481012658,0.759493670886076,0.7215189873417721,1.0,0.7088607594936709,0.6708860759493671,0.7468354430379747,1
0.2939092373635116,0.2387182020226951,0.25126719625106525,0.25124511799234805,1.0,0.29262387951266894,0.25298552922881445,0.24529945808890855,0.5541469369635803,0.5019221713061007,0.6618913449534662,0.6232489740170241,1.0,0.841226763962271,0.6248860416942321,0.38177948960517416,0.9239130434782609,0.9347826086956522,0.8260869565217391,0.8804347826086957,1.0,0.7989130434782609,0.8369565217391305,0.9293478260869565,0.7088607594936709,0.6962025316455697,0.7088607594936709,0.6329113924050633,1.0,0.6075949367088608,0.5569620253164557,0.7784810126582279,1
0.07416283504947443,0.07243465556349316,0.0735525767274203,0.08042568460931729,1.0,0.07944640494184281,0.07673260252061286,0.08163610370449219,0.40255559084409176,0.47887425417854323,0.40666513103169916,0.38841668291867715,1.0,0.32195553934905263,0.3021215673397235,0.5727257250350164,0.8888888888888888,0.8787878787878788,0.9141414141414141,0.9545454545454546,1.0,0.9696969696969697,0.9595959595959596,0.8888888888888888,0.6319018404907976,0.6687116564417178,0.6993865030674846,0.7055214723926381,1.0,0.6319018404907976,0.6687116564417178,0.6380368098159509,2
0.22222003341534396,0.1836433771901024,0.20330002279329829,0.21222178332217076,1.0,0.21461386689923773,0.19640295188474807,0.20412622038066577,0.4080247675757792,0.38077022099849883,0.4120422912029189,0.3924204782232688,1.0,0.4504687805751642,0.30953368359201544,0.2329850624340547,0.8723404255319149,0.8723404255319149,0.851063829787234,0.8936170212765957,1.0,0.851063829787234,0.9468085106382979,0.9468085106382979,0.7215189873417721,0.7215189873417721,0.7341772151898734,0.7278481012658228,1.0,0.7911392405063291,0.6392405063291139,0.7658227848101266,3
0.5031491336814312,0.4215904113003315,0.4767501943793477,0.5214332640419242,1.0,0.5131126611389089,0.5146548505994668,0.5344625073074282,0.44734172989303533,0.5074779379127312,0.523284447241687,0.581244934012931,1.0,0.47534178232471175,0.4622075436210408,0.4370609587452326,1.0,0.967741935483871,0.9408602150537635,0.9247311827956989,0.989247311827957,0.978494623655914,0.9838709677419355,0.989247311827957,0.660377358490566,0.7232704402515723,0.7232704402515723,0.8113207547169812,1.0,0.7484276729559748,0.7672955974842768,0.7358490566037735,3
0.5108356390676906,0.4550111538492562,0.6061857082382384,0.5436009273918114,1.0,0.6288102251929212,0.4963646887596896,0.39006134047812163,0.549329194935284,0.5342455513030725,0.6518597851465734,0.7900663142359985,1.0,0.9852162443532526,0.6834698554567158,0.46911015526567557,0.9939024390243902,0.9573170731707317,1.0,0.8963414634146342,0.975609756097561,0.9207317073170732,0.9207317073170732,0.9695121951219512,0.6645569620253164,0.6518987341772152,0.7531645569620253,0.7278481012658228,1.0,0.5949367088607594,0.6075949367088608,0.7278481012658228,1
0.018916089908013196,0.023599098209751573,0.020220497902808835,0.020490685211893116,1.0,0.016311582706584178,0.01972567027208382,0.01726150442373023,0.7843061714071217,0.8030475285929166,0.5966874170612894,0.674287394162188,1.0,0.3746210042218102,0.3383576771876876,0.3886835061219101,0.6060606060606061,0.7525252525252525,0.7727272727272727,0.7323232323232324,1.0,0.8333333333333334,0.8333333333333334,0.8434343434343434,0.474025974025974,0.5584415584415584,0.5909090909090909,0.5324675324675324,1.0,0.7142857142857143,0.7402597402597403,0.6363636363636364,1
0.014198620182579506,0.01649324206632429,0.016390013170412696,0.0168750124646499,1.0,0.014556758943169419,0.01480870038074531,0.013608442220775407,0.4243079425774864,0.4098312958433131,0.49897007722656966,0.4902397762051428,1.0,0.37979448737881855,0.34062026836479586,0.3590084359817417,0.7474747474747475,0.8383838383838383,0.7070707070707071,0.7070707070707071,1.0,0.7878787878787878,0.7525252525252525,0.7777777777777778,0.7388059701492538,0.7835820895522388,0.8283582089552238,0.6716417910447762,1.0,0.8283582089552238,0.8059701492537313,0.6940298507462687,3
0.48333689661183243,0.41324483474214946,0.5712966557545801,0.6313738119646821,1.0,0.5873582812433892,0.49714322449629234,0.48918686600122524,0.45841512021353037,0.4140667060147422,0.6945916333699208,0.6437787996392524,1.0,0.7559680968930681,0.4821803610055346,0.41713393719944125,0.9314285714285714,0.9028571428571428,0.9142857142857143,0.9428571428571428,0.92,0.8914285714285715,0.92,1.0,0.6415094339622641,0.6540880503144654,0.7232704402515723,0.7735849056603774,1.0,0.6792452830188679,0.6855345911949685,0.6666666666666666,1
0.4434418312033543,0.47030064233324664,0.4581667583288587,0.4650482049873523,1.0,0.4591407151752812,0.45198754316386713,0.468429939891609,0.785265074533728,0.7721029699751694,0.7602688378941023,0.7723024763135049,1.0,0.753123700803118,0.7966605810710726,0.8390887488513803,0.8571428571428571,0.906832298136646,0.84472049689441,0.906832298136646,1.0,0.9316770186335404,0.8633540372670807,0.84472049689441,0.5253164556962026,0.5506329113924051,0.5886075949367089,0.5506329113924051,1.0,0.6139240506329114,0.6139240506329114,0.5759493670886076,2
0.8358589188935172,0.7345236191649135,0.6887699894613519,0.8319706616212208,1.0,0.7983471185441344,0.7906818462141033,0.8571646501033893,0.45944136546063274,0.5804717541491908,0.4393367035282071,0.442088464397107,1.0,0.37365160161688565,0.35959123554590494,0.5587950683712216,0.978494623655914,0.9193548387096774,0.9623655913978495,0.9946236559139785,0.8602150537634409,1.0,0.989247311827957,0.9301075268817204,0.6415094339622641,0.6352201257861635,0.6855345911949685,0.7295597484276729,1.0,0.7044025157232704,0.7610062893081762,0.6226415094339622,2
0.5662952712957171,0.5659779765142966,0.4981315149532209,0.5756056543329832,1.0,0.5002983240465025,0.4908281762817109,0.6212859147744118,0.7853949939526603,0.8156092728847082,0.5828166964713821,0.6271591887656768,1.0,0.4714285383881665,0.4914484558091602,0.875749803237396,0.8461538461538461,0.8875739644970414,0.9349112426035503,0.9644970414201184,0.9349112426035503,1.0,0.9704142011834319,0.834319526627219,0.6645569620253164,0.5949367088607594,0.6835443037974683,0.6645569620253164,1.0,0.740506329113924,0.7278481012658228,0.6392405063291139,2
0.5073268586325177,0.4367081620702016,0.43779967042260615,0.5483267432326607,1.0,0.5228236504268244,0.5257479871528784,0.5424345747344413,0.2970389061015444,0.2502736631351359,0.25436266206148106,0.3557328139448016,1.0,0.3304695381270787,0.32725169325220665,0.3406751420348474,0.989010989010989,0.978021978021978,0.978021978021978,0.9560439560439561,0.8846153846153846,0.989010989010989,1.0,0.967032967032967,0.8717948717948718,0.8974358974358975,0.8974358974358975,0.8717948717948718,1.0,0.8717948717948718,0.8525641025641025,0.8653846153846154,0
0.027418006951511534,0.027147232015166348,0.02730337831119746,0.026526986002416517,1.0,0.02442571874809386,0.027893119547586335,0.026969626406081686,0.22040811262040472,0.1712716008937202,0.13020725437699346,0.13872050144368542,1.0,0.19409109873850236,0.11778343573129457,0.15825068425425742,0.8686868686868687,0.898989898989899,0.9292929292929293,0.9292929292929293,1.0,0.8888888888888888,0.9595959595959596,0.9393939393939394,0.7551020408163265,0.7891156462585034,0.8775510204081632,0.7891156462585034,1.0,0.7687074829931972,0.8707482993197279,0.8095238095238095,3
0.3401667976445747,0.7816369353138186,0.6297186490818613,0.471031299221628,0.5765131663227412,0.22712155896479522,1.0,0.8762105112905603,0.5207542239158168,0.6873569775508614,0.705344993667801,0.6737010355240325,1.0,0.4692100901544743,0.6334213940854354,0.6107233358233787,0.9292929292929293,1.0,0.9797979797979798,0.9494949494949495,0.8686868686868687,0.9292929292929293,1.0,1.0,0.6329113924050633,0.7278481012658228,0.6835443037974683,0.6645569620253164,1.0,0.7151898734177216,0.6835443037974683,0.6075949367088608,3
0.8990877782586273,1.0,0.9764724221889549,0.9771848950014616,0.7057536065515116,0.720937711385955,0.9598620881810501,0.9166031702343556,0.3311334215788406,0.38089995315510344,0.37269566661930503,0.37604919185790076,1.0,0.3230791767246512,0.3351541738580331,0.3194358206620275,0.9791666666666666,0.9895833333333334,0.9895833333333334,0.9895833333333334,0.8541666666666666,0.9895833333333334,1.0,1.0,0.6623376623376623,0.6558441558441559,0.6298701298701299,0.6298701298701299,1.0,0.8571428571428571,0.6818181818181818,0.7207792207792207,0
0.034676474581551896,0.035961716619774535,0.03702915033777733,0.03621084219834246,1.0,0.030115853710450963,0.0339879494285613,0.03136199927849985,0.19979568659905375,0.20700131816467018,0.1819474599300344,0.19686957968379765,1.0,0.17506624018270045,0.14617095550698794,0.14386027906963136,0.9642857142857143,0.9540816326530612,0.9591836734693877,0.9744897959183674,1.0,0.9642857142857143,0.9438775510204082,0.9744897959183674,0.7006802721088435,0.7482993197278912,0.8095238095238095,0.7278911564625851,1.0,0.7346938775510204,0.7687074829931972,0.7142857142857143,1
0.7603250995255716,0.6434002068596523,0.7461124135669635,0.8689740717268244,1.0,0.8697448237970182,0.7536164025438404,0.727133676401935,0.5844924966051259,0.5488997428240665,0.6589797623290409,0.8053354010999785,1.0,0.9240038803280356,0.7147256006203591,0.5086059436778926,1.0,0.9712643678160919,0.9597701149425287,0.9195402298850575,0.9195402298850575,0.9022988505747126,0.9310344827586207,0.9770114942528736,0.5949367088607594,0.6012658227848101,0.689873417721519,0.7088607594936709,1.0,0.5126582278481012,0.5822784810126582,0.7468354430379747,1
0.8662703600092605,0.7479756101213106,0.8111075428316261,0.985533194669426,1.0,0.8640060431160237,0.8495864193238047,0.9066287306894568,0.5658624136158807,0.5516515154984342,0.5741452915278852,0.6646446248602681,1.0,0.6007307448603111,0.5133864412041836,0.5344597167821435,0.9783783783783784,1.0,0.9567567567567568,1.0,0.9081081081081082,0.9567567567567568,0.9567567567567568,0.9675675675675676,0.8037974683544303,0.7151898734177216,0.7278481012658228,0.6835443037974683,1.0,0.6835443037974683,0.759493670886076,0.8544303797468354,3
0.48123908317940123,0.5008968343616806,0.48184861317900435,0.4753964940330667,1.0,0.4524117756707906,0.5672795487156251,0.5081407221235705,0.766600189155772,0.7812505434649353,0.7800425957750837,0.7925147325543094,1.0,0.7179133633093568,0.8433196602873125,0.7995096418032935,0.8867924528301887,0.9119496855345912,0.9119496855345912,0.8490566037735849,1.0,0.8553459119496856,0.9056603773584906,0.89937106918239,0.5949367088607594,0.569620253164557,0.569620253164557,0.6075949367088608,1.0,0.5569620253164557,0.6265822784810127,0.5949367088607594,2
0.6724175908487464,0.5440806669895897,0.7340428282637705,0.863663360739595,1.0,0.7819781332890144,0.7497980996472514,0.7130911113910651,0.46503063102617437,0.3944327665925367,0.7118319089446495,0.6062950406825853,1.0,0.7119560526995885,0.5558571509725945,0.37975188707724655,1.0,1.0,0.945054945054945,0.978021978021978,0.8736263736263736,0.9560439560439561,0.978021978021978,0.989010989010989,0.6772151898734177,0.6265822784810127,0.7721518987341772,0.7341772151898734,1.0,0.6392405063291139,0.5632911392405063,0.7088607594936709,1
0.500926581237098,0.49865326817978256,0.5206855607460957,0.5795767429563091,1.0,0.5052552140099288,0.4595664504101727,0.6229221248285973,0.629147736296541,0.6914457066173837,0.6631840295061937,0.6741568296697944,1.0,0.5581492283452049,0.4995337896648914,0.9469594113017629,0.99375,0.9375,0.99375,0.99375,1.0,1.0,1.0,0.90625,0.620253164556962,0.6708860759493671,0.7151898734177216,0.7025316455696202,1.0,0.7088607594936709,0.6962025316455697,0.6835443037974683,2
0.010042137713556727,0.010780409445706718,0.010389927450412088,0.010509720651937565,1.0,0.009198426789284881,0.010490607298625021,0.010475146182442127,0.24249875719444955,0.26203064973558404,0.2535547076193456,0.25634590399072515,1.0,0.20442643819857895,0.24415518259731564,0.24936232658110627,0.7626262626262627,0.7626262626262627,0.7828282828282829,0.7929292929292929,1.0,0.803030303030303,0.7626262626262627,0.7525252525252525,0.647887323943662,0.6197183098591549,0.6197183098591549,0.6197183098591549,1.0,0.6901408450704225,0.6338028169014085,0.6197183098591549,0
0.23647461183102977,0.1688749653184806,0.23856226860913626,0.2557013122717053,1.0,0.3814292646087892,0.25853549313246854,0.22790150058095635,0.41967713521240085,0.41763461595976675,0.4390738170374524,0.5851384452702127,0.657301782459766,1.0,0.606863954623018,0.32358861098160996,0.9183673469387755,0.8826530612244898,0.9285714285714286,0.8775510204081632,1.0,0.8367346938775511,0.8979591836734694,0.9438775510204082,0.6582278481012658,0.6329113924050633,0.6708860759493671,0.6708860759493671,1.0,0.7088607594936709,0.6265822784810127,0.7151898734177216,1
0.022604578101485782,0.024874366104085333,0.023576751999065868,0.02431848731865887,1.0,0.02120079110761425,0.020275936519285147,0.028085436841429966,0.540222943034872,0.8180454570740996,0.6761122280881863,0.6268225862499046,1.0,0.48095931456278296,0.4486275921306975,0.8618271075221243,0.8434343434343434,0.7222222222222222,0.803030303030303,0.803030303030303,1.0,0.8383838383838383,0.8232323232323232,0.7626262626262627,0.6645962732919255,0.6708074534161491,0.7204968944099379,0.7453416149068323,1.0,0.6086956521739131,0.6708074534161491,0.6521739130434783,2
0.02536745711383835,0.02778217996620086,0.027375079170462148,0.02551600657034865,1.0,0.026260634672966566,0.02502151627642657,0.024475975372035042,0.9742849940212339,1.0,0.984552934266379,0.9869840015217167,0.8594229902828433,0.9450557420109782,0.9532236567576392,0.968398515833789,0.6464646464646465,0.6767676767676768,0.6767676767676768,0.6565656565656566,1.0,0.7222222222222222,0.6464646464646465,0.6666666666666666,0.5602409638554217,0.6024096385542169,0.5903614457831325,0.5903614457831325,1.0,0.5783132530120482,0.5843373493975904,0.5783132530120482,2
0.6713173300844177,0.5511626972052631,0.540877710357905,0.7012630656298875,1.0,0.6867125326248116,0.6465801198699189,0.7166876910632677,0.5023266858839645,0.3936947393117915,0.4360708797694672,0.5158891398759192,1.0,0.49145466919191727,0.4396333268344818,0.5410556942094781,0.9888888888888889,1.0,0.9777777777777777,1.0,0.9055555555555556,1.0,0.9666666666666667,0.9777777777777777,0.802547770700637,0.802547770700637,0.8280254777070064,0.7770700636942676,1.0,0.7770700636942676,0.7770700636942676,0.7770700636942676,0
0.476414279241949,0.4242165481551188,0.4391784367570549,0.5306857556100113,1.0,0.49102370753164104,0.5053633821970734,0.5278585602863325,0.2155072130001873,0.18915765557571415,0.18854558406272187,0.24951429103909897,1.0,0.23298214038182793,0.2464899631222076,0.24452432159536625,0.989010989010989,0.989010989010989,1.0,0.989010989010989,0.8736263736263736,0.989010989010989,0.989010989010989,1.0,0.7721518987341772,0.759493670886076,0.759493670886076,0.7721518987341772,1.0,0.7848101265822784,0.759493670886076,0.7911392405063291,0
0.027597975093450043,0.030189070577572457,0.03115152867651225,0.03336957082729668,1.0,0.02984080052043306,0.02805891334540637,0.03074482766005422,0.4848866278246129,0.6553258247875396,0.6232382821337477,0.5427074453478734,1.0,0.39684741559030284,0.4018873840742723,0.7081515030644117,0.7929292929292929,0.8181818181818182,0.803030303030303,0.8535353535353535,1.0,0.8434343434343434,0.8282828282828283,0.7777777777777778,0.61875,0.6,0.66875,0.68125,1.0,0.5875,0.6625,0.625,2
0.5970330491310396,0.6559150663328809,0.634004231007837,0.6386874215716013,1.0,0.4598806314028207,0.609649397292985,0.5920772603235644,0.5353448354208846,0.5640754460490954,0.5232344539397393,0.5412207378615072,1.0,0.49506063706820413,0.4735152897593024,0.466756771524779,0.9790575916230366,0.9895287958115183,0.9685863874345549,0.9685863874345549,0.9528795811518325,0.93717277486911,0.9895287958115183,1.0,0.8175675675675675,0.8175675675675675,0.831081081081081,0.8175675675675675,1.0,0.9324324324324325,0.831081081081081,0.8040540540540541,0
0.5345686658443645,0.44538802947267964,0.44889020228959836,0.53893730877573,1.0,0.5522564029778514,0.5240185515430914,0.5467892501425721,0.22927972482398118,0.19553681577610696,0.20122063821556438,0.2694392847207922,1.0,0.24558518233409013,0.2568239705114143,0.2627744942886169,1.0,1.0,1.0,0.9791666666666666,0.828125,1.0,1.0,0.9791666666666666,0.7861635220125787,0.7861635220125787,0.8050314465408805,0.8553459119496856,1.0,0.7924528301886793,0.7987421383647799,0.8490566037735849,0
0.5098248346470984,0.5011425358566995,0.4868031296736371,0.5653116830640809,1.0,0.5516199440278553,0.506771350850602,0.5202357117574073,0.4125006406254064,0.4223440913535063,0.38529174804033484,0.40873969302521734,1.0,0.4192796430995239,0.29164099821678874,0.30524847309205533,0.9553072625698324,0.9385474860335196,0.9832402234636871,0.9832402234636871,0.9106145251396648,0.9329608938547486,0.9888268156424581,1.0,0.8037974683544303,0.7531645569620253,0.7468354430379747,0.7974683544303798,1.0,0.740506329113924,0.740506329113924,0.7784810126582279,3
0.03235915183179809,0.03452977917291098,0.0362575835056938,0.03238866894301263,1.0,0.025885853827299306,0.024604866668010456,0.026824985584962532,0.6222888186166844,0.609227604418908,0.6317229563943895,0.6343774994782827,1.0,0.4061938281179663,0.4098592366409496,0.4927863546235523,0.797979797979798,0.7575757575757576,0.7777777777777778,0.7777777777777778,1.0,0.797979797979798,0.7272727272727273,0.7474747474747475,0.5947712418300654,0.7124183006535948,0.7254901960784313,0.6470588235294118,1.0,0.6928104575163399,0.6601307189542484,0.6470588235294118,1
0.5034343583428312,0.4989312162405143,0.4833061737303286,0.5479193089402697,1.0,0.5803689368898629,0.4470956614780615,0.4645257145069586,0.3598194573211128,0.4560216340377589,0.4311652232285477,0.506235049528607,1.0,0.6607199910404767,0.29849165827132257,0.2837464033033267,0.9943820224719101,0.9606741573033708,0.9606741573033708,0.9662921348314607,0.9157303370786517,0.9044943820224719,1.0,0.9887640449438202,0.7735849056603774,0.7987421383647799,0.7610062893081762,0.7924528301886793,1.0,0.6918238993710691,0.7547169811320755,0.8050314465408805,3
0.018263673799889624,0.01836153472624648,0.017876957822571437,0.018807345090970824,1.0,0.01766757499545013,0.018310414352746163,0.016113942292864565,0.522238558506513,0.4984878419531442,0.48325559608530105,0.5835173212833724,1.0,0.45123577837768425,0.4274279763450498,0.4093135987661006,0.7878787878787878,0.7474747474747475,0.7373737373737373,0.6767676767676768,1.0,0.7626262626262627,0.7676767676767676,0.7777777777777778,0.6027397260273972,0.6506849315068494,0.6712328767123288,0.6438356164383562,1.0,0.7191780821917808,0.6712328767123288,0.6301369863013698,1
0.12062266401397173,0.12383474969155077,0.11973961835331512,0.12217146614296871,1.0,0.11669436359272678,0.12979150883281243,0.13032344241106897,0.8256012531779212,0.8172343974721791,0.805563205092653,0.8026400031419194,1.0,0.779333445387964,0.8709597548727069,0.8408573077913384,0.7061855670103093,0.7474226804123711,0.7474226804123711,0.788659793814433,1.0,0.7371134020618557,0.7061855670103093,0.7371134020618557,0.5921052631578947,0.5789473684210527,0.5526315789473685,0.5657894736842105,1.0,0.6842105263157895,0.618421052631579,0.618421052631579,2
0.16949626827836428,0.15549492586120492,0.18798817458807549,0.19690662375364842,1.0,0.20489931604170666,0.17311523586834957,0.15128095466802266,0.47488555581591024,0.4308078645345674,0.5332326822248767,0.5234517634975282,1.0,0.683703855707429,0.558376790693294,0.37706428718058016,0.8333333333333334,0.8541666666666666,0.8229166666666666,0.8541666666666666,1.0,0.78125,0.7708333333333334,0.8385416666666666,0.759493670886076,0.6962025316455697,0.6962025316455697,0.620253164556962,1.0,0.6139240506329114,0.5886075949367089,0.6455696202531646,1
0.3754782377512402,0.3507800723537357,0.3242571782686814,0.4076853242452743,1.0,0.38244120585466657,0.31724036496708063,0.3436908133492245,0.3883615791504906,0.35962328434324636,0.3478225116407746,0.40776913913584617,1.0,0.3802709834549227,0.30002685198269896,0.2903572526867751,0.9578313253012049,0.9759036144578314,0.9518072289156626,0.9879518072289156,0.9578313253012049,0.9939759036144579,0.963855421686747,1.0,0.759493670886076,0.7341772151898734,0.7468354430379747,0.7531645569620253,1.0,0.6772151898734177,0.7215189873417721,0.8291139240506329,3
0.45742497304151625,0.4080276924902775,0.42302128913948045,0.5118101169668606,1.0,0.48167242931538434,0.4199020103365693,0.4351832286474546,0.3578570314151545,0.3748895379463605,0.36688641382553533,0.4013111244951789,1.0,0.409652951803389,0.325840730102126,0.2979572921463868,0.9222222222222223,0.9111111111111111,0.9666666666666667,1.0,0.8777777777777778,0.9333333333333333,0.9777777777777777,0.9888888888888889,0.7848101265822784,0.7215189873417721,0.759493670886076,0.8164556962025317,1.0,0.7341772151898734,0.7531645569620253,0.7848101265822784,3
0.561484735898015,0.5242548205942427,0.5587022102603295,0.6416542173707626,1.0,0.6023699223904873,0.5941553006194519,0.6509414672693125,0.5186471571672308,0.7646432251839963,0.6566128709985223,0.6126124225084987,1.0,0.5127088878421399,0.43749884887723245,0.9505984840076486,0.967032967032967,0.9010989010989011,0.945054945054945,0.989010989010989,0.989010989010989,1.0,1.0,0.8681318681318682,0.6329113924050633,0.6772151898734177,0.689873417721519,0.6645569620253164,1.0,0.6835443037974683,0.7468354430379747,0.6329113924050633,2
0.4574322834900708,0.4441374279668479,0.43973035523675474,0.5166892703080898,1.0,0.4751697610983958,0.4731848361049396,0.4887560795640548,0.33866863193885893,0.42598292661455883,0.44436525060959986,0.43941862784009733,1.0,0.35945901463602237,0.32772031953853015,0.31209852907452235,0.9786096256684492,0.9786096256684492,0.983957219251337,0.9786096256684492,0.9358288770053476,1.0,0.9786096256684492,0.9893048128342246,0.7278481012658228,0.7278481012658228,0.7468354430379747,0.6835443037974683,1.0,0.6772151898734177,0.7531645569620253,0.7658227848101266,3
0.3363095389475151,0.31631942223794307,0.4245440763001699,0.4282589649144328,1.0,0.48998293050086944,0.33781132680078174,0.3153753515132194,0.5480318072617167,0.526783319322096,0.6481962853369427,0.7072750185339967,1.0,0.9504692508657956,0.7033073686924955,0.41941870244674206,0.8352272727272727,0.8238636363636364,0.8693181818181818,0.8920454545454546,1.0,0.8238636363636364,0.7840909090909091,0.9034090909090909,0.6289308176100629,0.6792452830188679,0.6415094339622641,0.6352201257861635,1.0,0.5534591194968553,0.6037735849056604,0.7232704402515723,1
0.6730967088194408,0.6357730023303992,0.6385315185776174,0.7262578268761591,1.0,0.6719211300030923,0.6553166306295125,0.7927000399562393,0.48595529617647315,0.6778215816941139,0.5434419972380147,0.49620230592656156,1.0,0.4194503297278708,0.3806884199704185,0.7366509921143671,1.0,0.9085714285714286,0.9028571428571428,0.9885714285714285,0.9085714285714286,0.9657142857142857,0.9314285714285714,0.92,0.6540880503144654,0.5974842767295597,0.6666666666666666,0.6477987421383647,1.0,0.6540880503144654,0.6666666666666666,0.6792452830188679,2
0.8578852095760778,0.9912083436415481,0.9042306904086795,0.7957063922288318,0.932815079038551,0.7245092471576914,1.0,0.9462141958435698,1.0,0.7211359179387843,0.40464779166042164,0.6769650851386974,0.6376754390171767,0.9314632232165005,0.3730951368383185,0.5995502523577527,0.8797814207650273,0.9016393442622951,1.0,0.9344262295081968,0.9289617486338798,0.8415300546448088,1.0,0.9453551912568307,0.7323943661971831,0.7323943661971831,0.823943661971831,0.7464788732394366,1.0,0.6830985915492958,0.823943661971831,0.7887323943661971,3
0.9528720197660171,0.8253378498595126,0.843331261851841,0.9932801401550821,0.8221174068088968,0.8938012820204364,0.9447438087334576,1.0,0.30443655138763,0.2519845440473545,0.2417967682410587,0.3732425841850699,1.0,0.3385286125925595,0.3413172863069307,0.3649127378499595,1.0,1.0,1.0,0.9894736842105263,0.8368421052631579,1.0,1.0,1.0,0.7721518987341772,0.810126582278481,0.7974683544303798,0.7721518987341772,1.0,0.7468354430379747,0.759493670886076,0.7848101265822784,0
0.7477245844180349,0.6559128500064654,0.6695901275763013,0.8004707770439963,1.0,0.7421644466894597,0.7670391914006094,0.795245506466384,0.3214822440624909,0.2740430128446025,0.27966791102725924,0.3975422062815334,1.0,0.3609402718037458,0.3543618675619059,0.3693629286295877,1.0,1.0,1.0,0.989247311827957,0.8763440860215054,1.0,0.989247311827957,0.989247311827957,0.8734177215189873,0.8291139240506329,0.8670886075949367,0.8734177215189873,1.0,0.8670886075949367,0.8607594936708861,0.8860759493670886,0
0.9248302179228562,0.7911875233724437,0.7870381796138407,0.9683514439939875,1.0,0.8967902315829093,0.8931522159847559,0.9626352113443586,0.37368611777104577,0.3135384530123871,0.2944459900157041,0.3381369400841386,1.0,0.3915425205231517,0.2561567513034254,0.24619244714707594,0.9791666666666666,0.9791666666666666,0.9895833333333334,0.9895833333333334,0.8229166666666666,0.9583333333333334,0.9895833333333334,1.0,0.8141025641025641,0.8269230769230769,0.7884615384615384,0.8141025641025641,1.0,0.7243589743589743,0.7948717948717948,0.8717948717948718,3
0.4389579958374319,0.5477912283816634,0.5434518158564708,0.4910886133437398,1.0,0.4304037483481956,0.4292969856616667,0.3897368461269977,0.4850969401190901,0.5738984432219796,0.58988572475195,0.5474025701588333,1.0,0.4549591107976473,0.4108602435966918,0.38942426987719264,0.9418604651162791,0.9767441860465116,0.9418604651162791,0.9709302325581395,0.9883720930232558,1.0,0.9767441860465116,0.9069767441860465,0.7215189873417721,0.7088607594936709,0.7088607594936709,0.5949367088607594,1.0,0.7848101265822784,0.7721518987341772,0.6962025316455697,3
0.944853392030112,0.8609629487498193,0.9245713291500666,0.9821544744968516,0.7571941619615846,0.9859783691280088,0.9812647756909642,1.0,0.6376876371236823,0.5187387339457238,0.46577162656613535,0.7037462659426261,1.0,0.6246947274103869,0.5961177725260011,0.6695806409489706,0.9777777777777777,0.9777777777777777,1.0,0.9666666666666667,0.8833333333333333,0.9777777777777777,0.9555555555555556,0.9777777777777777,0.7884615384615384,0.8076923076923077,0.7948717948717948,0.7628205128205128,1.0,0.7884615384615384,0.8012820512820513,0.8012820512820513,0
0.014521169507278634,0.015797587805844154,0.014273793940425692,0.015239192574958703,1.0,0.012657052573869933,0.013151641735878076,0.012583249558578181,0.5065672452341254,0.5135109436499294,0.4452348959424236,0.538866574225796,1.0,0.3517187261929754,0.3225188129088254,0.3854316756345464,0.696969696969697,0.6868686868686869,0.7272727272727273,0.6363636363636364,1.0,0.7474747474747475,0.7878787878787878,0.7171717171717171,0.6344827586206897,0.6758620689655173,0.6896551724137931,0.6620689655172414,1.0,0.7172413793103448,0.7034482758620689,0.6896551724137931,1
0.6320956911598401,0.6369225496938172,0.7147853175650306,0.7957170338147866,1.0,0.680407088520917,0.6553295281048934,0.782728610241883,0.6616327324446489,0.8875546744574712,0.8109462531164308,0.8535517594954615,0.9357113844247827,0.6428564819243986,0.6109905099422885,1.0,0.9695121951219512,0.8841463414634146,0.9390243902439024,0.9512195121951219,0.9695121951219512,0.9634146341463414,1.0,0.8780487804878049,0.6139240506329114,0.6455696202531646,0.7848101265822784,0.7151898734177216,1.0,0.759493670886076,0.689873417721519,0.689873417721519,2
0.31448147463127857,0.3686512199198397,0.37151354223659144,0.3515885744373137,1.0,0.27243371358602786,0.2912857982275596,0.29778562001034276,0.47049905937944103,0.47595281702250397,0.531012939985768,0.5484446308086866,1.0,0.4263182996858229,0.3775176397963374,0.4287235380475414,0.9152542372881356,0.9491525423728814,0.96045197740113,0.9378531073446328,1.0,0.8587570621468926,0.96045197740113,0.9265536723163842,0.689873417721519,0.7025316455696202,0.7025316455696202,0.7025316455696202,1.0,0.7341772151898734,0.7784810126582279,0.6518987341772152,3
0.029506497915332497,0.030325414966948086,0.02772382646174238,0.027876319568442172,1.0,0.022353080905687835,0.022836020481547644,0.022277891139639586,0.7954772655061301,0.8331117027437872,0.6292257888294653,0.6086770960509749,1.0,0.46144681845810426,0.3962731918904049,0.44090183434018027,0.8080808080808081,0.803030303030303,0.8080808080808081,0.8080808080808081,1.0,0.8181818181818182,0.8383838383838383,0.8383838383838383,0.5918367346938775,0.6870748299319728,0.6462585034013606,0.673469387755102,1.0,0.7959183673469388,0.7278911564625851,0.673469387755102,1
0.5603459458417744,0.5096607918288222,0.4932649538971096,0.6172813880824778,1.0,0.5519194795789371,0.5800919481270381,0.6182400253205041,0.3291680397870344,0.26934610824823957,0.2503354444489084,0.4079559935763895,1.0,0.36021043411840553,0.37227530892234123,0.3951346508612063,0.9775280898876404,1.0,1.0,0.9662921348314607,0.898876404494382,0.9438202247191011,0.9662921348314607,0.9550561797752809,0.7547169811320755,0.7421383647798742,0.7421383647798742,0.7924528301886793,1.0,0.7295597484276729,0.7547169811320755,0.779874213836478,0
0.014249859069800716,0.01525562631224305,0.015923352822396614,0.013237064719030968,1.0,0.012581732737261713,0.01539521857001424,0.015227374771587487,0.2433652324788553,0.25081144773404673,0.24318462629694734,0.2503582709059699,1.0,0.20697858476372977,0.23220638377972067,0.24290606963144543,0.8838383838383839,0.8737373737373737,0.9040404040404041,0.8484848484848485,1.0,0.8737373737373737,0.8939393939393939,0.8838383838383839,0.6438356164383562,0.6301369863013698,0.6027397260273972,0.589041095890411,1.0,0.6986301369863014,0.6164383561643836,0.6575342465753424,0
0.5954297615839574,0.5258668616156554,0.5509649958988696,0.6423607653569698,1.0,0.6134177194056659,0.6178020297158984,0.6358759730383742,0.33183080958895794,0.29497460068513875,0.2926135021771657,0.3989693375198726,1.0,0.37269336786603446,0.3584743717170735,0.3722418658172662,0.9728260869565217,0.9945652173913043,1.0,0.9836956521739131,0.9184782608695652,0.9402173913043478,0.9510869565217391,0.9510869565217391,0.7628205128205128,0.7628205128205128,0.8461538461538461,0.8397435897435898,1.0,0.8012820512820513,0.7628205128205128,0.7884615384615384,0
0.9682288175306113,0.7944591970375707,0.8442936259690789,0.9989313796923626,0.8636987117763013,1.0,0.9508922579355891,0.985727594237955,0.6636335565882487,0.5561639030025696,0.6356148180340919,0.8058698533680237,1.0,0.9355697758304514,0.6569380328078627,0.6485082981294585,0.9894179894179894,0.9788359788359788,0.9365079365079365,0.9365079365079365,0.873015873015873,0.9682539682539683,1.0,0.9735449735449735,0.6089743589743589,0.6858974358974359,0.7051282051282052,0.7051282051282052,1.0,0.7243589743589743,0.6538461538461539,0.7307692307692307,1
0.3865861248948126,0.3452996471368082,0.3543695021623095,0.3904298069996145,1.0,0.5065117353895223,0.4184550441083062,0.41244853943907983,0.45157441081089805,0.4631984100674702,0.5248474277441734,0.5682183466034985,0.7181477628857179,1.0,0.5825242613843624,0.3474914656100912,0.9621621621621622,0.9405405405405406,0.8162162162162162,0.9081081081081082,1.0,0.7783783783783784,0.8648648648648649,0.9837837837837838,0.5849056603773585,0.5849056603773585,0.6226415094339622,0.610062893081761,1.0,0.6352201257861635,0.5786163522012578,0.6352201257861635,1
0.5233913890773987,0.7879123516807566,0.5668153820986729,0.6739732620859383,1.0,0.7245918618209547,0.7162053235483643,0.6815251039781751,0.4764945926250781,0.844363209324636,0.639247342985655,0.6118692633551304,1.0,0.5241725011692676,0.4756281673338729,0.7909486451657778,0.9770114942528736,0.9770114942528736,0.9425287356321839,0.9540229885057471,0.9482758620689655,1.0,1.0,0.9310344827586207,0.7484276729559748,0.7735849056603774,0.7484276729559748,0.7610062893081762,1.0,0.7610062893081762,0.6981132075471698,0.779874213836478,2
0.014608167361600083,0.015965529911178056,0.014408138149206152,0.014252081660992812,1.0,0.012310475979422314,0.012257753951701948,0.012220680951412754,0.5909882387046131,0.6059143887142747,0.5340588991469951,0.5148249337111558,1.0,0.40768169726973685,0.40507583873323105,0.46733114928809044,0.6868686868686869,0.6616161616161617,0.6868686868686869,0.7373737373737373,1.0,0.7575757575757576,0.7777777777777778,0.6565656565656566,0.6594202898550725,0.7536231884057971,0.717391304347826,0.717391304347826,1.0,0.8043478260869565,0.7463768115942029,0.7246376811594203,1
0.5473764649525713,0.46079299668233575,0.4678786721513743,0.5770546109330325,1.0,0.5286297432266231,0.5113875745490679,0.5167600506379977,0.3924598242053651,0.3579263503341502,0.33806967547802547,0.3961975587287692,1.0,0.374048988947827,0.2762518770320933,0.2516642145980428,0.9021739130434783,0.8858695652173914,0.9239130434782609,0.9456521739130435,0.8804347826086957,0.9347826086956522,0.967391304347826,1.0,0.7531645569620253,0.7215189873417721,0.7468354430379747,0.7215189873417721,1.0,0.6645569620253164,0.7215189873417721,0.7721518987341772,3
0.3025281171387661,0.3192982565616172,0.265217653823467,0.27783303923105324,1.0,0.31309015789533523,0.21742560143916498,0.23893783496944457,0.438145774276076,0.4362533460579223,0.4300489774257131,0.4088851189755891,1.0,0.6178863810184104,0.2899027141842008,0.28952759025913205,0.9404761904761905,1.0,0.9464285714285714,0.9642857142857143,1.0,0.8928571428571429,0.9523809523809523,0.9880952380952381,0.7215189873417721,0.740506329113924,0.7468354430379747,0.7784810126582279,1.0,0.6582278481012658,0.7911392405063291,0.7974683544303798,3
0.5651303395324792,0.6325655109600776,0.6260632251786425,0.6159560114604804,1.0,0.46860190849171973,0.5980998520841551,0.5680182584346353,0.31761251918157546,0.3722879352590097,0.36635160276832324,0.36902967650960616,1.0,0.30036720623616775,0.32018780911627515,0.3095458433085518,1.0,0.989247311827957,0.967741935483871,0.989247311827957,0.8817204301075269,0.9623655913978495,1.0,0.989247311827957,0.5512820512820513,0.5641025641025641,0.5641025641025641,0.5641025641025641,1.0,0.8141025641025641,0.5705128205128205,0.5897435897435898,0
0.8988094676960089,0.8434088561884354,0.826591241864024,1.0,0.9756268220692977,0.9477909219945423,0.9275269058044536,0.9726898693647399,0.6063418102685307,0.6875709941372707,0.6088420784914311,0.627512078592129,1.0,0.47838161666046597,0.40837519556554275,0.8078381892067054,0.925531914893617,0.9468085106382979,0.9574468085106383,0.9468085106382979,0.8829787234042553,0.9680851063829787,1.0,0.9202127659574468,0.6708860759493671,0.6455696202531646,0.7151898734177216,0.7151898734177216,1.0,0.740506329113924,0.7784810126582279,0.6708860759493671,2
0.6682133178235782,0.571496675662561,0.5475376200832174,0.7250183524030606,1.0,0.6894973814554205,0.6806264421378095,0.7114567873012186,0.3096369308883231,0.25480566847142055,0.23523719615545258,0.3835412451495938,1.0,0.34000459542520733,0.34977671385948306,0.3712928622043335,1.0,1.0,1.0,0.9894179894179894,0.9259259259259259,0.9894179894179894,0.9788359788359788,0.9894179894179894,0.7861635220125787,0.7484276729559748,0.7358490566037735,0.8113207547169812,1.0,0.7484276729559748,0.7987421383647799,0.8113207547169812,0
0.02360739994732215,0.025462317954901392,0.025089298665254795,0.02625716589166315,1.0,0.023141661111230262,0.025005148428037322,0.023666040624343604,0.682048244643881,0.7255595125616012,0.7263618311197638,0.7549448293372875,1.0,0.6602648529358496,0.7032580427768786,0.6816824850253945,0.7525252525252525,0.7626262626262627,0.7525252525252525,0.7424242424242424,1.0,0.7777777777777778,0.7676767676767676,0.7727272727272727,0.6533333333333333,0.6533333333333333,0.6533333333333333,0.6266666666666667,1.0,0.6533333333333333,0.6266666666666667,0.6266666666666667,2
0.7733488133273952,0.6746146602381943,0.699676147683953,0.8293780307301041,1.0,0.8156314579206978,0.8104251029108704,0.8350836925933611,0.2892376176352879,0.2503076369852838,0.2564146564059749,0.34678875292923356,1.0,0.3187146910228644,0.32727458870254256,0.33031855895039325,1.0,0.989247311827957,0.989247311827957,0.956989247311828,0.8548387096774194,0.9838709677419355,0.989247311827957,0.989247311827957,0.8860759493670886,0.8481012658227848,0.8354430379746836,0.8860759493670886,1.0,0.8354430379746836,0.8860759493670886,0.9050632911392406,0
0.45007671520116066,0.46661697002153624,0.4299800187519717,0.44429345418655064,1.0,0.3471702517655136,0.3428676939333966,0.5257095021542267,0.6545285940569779,0.9394829668160434,0.7587513813522224,0.7340294892071122,0.9177319179388209,0.5212519669282941,0.5123738278065891,1.0,0.8588235294117647,0.7588235294117647,0.8470588235294118,0.8941176470588236,1.0,0.8764705882352941,0.8529411764705882,0.8294117647058824,0.6582278481012658,0.6582278481012658,0.6329113924050633,0.6708860759493671,1.0,0.6772151898734177,0.6518987341772152,0.6075949367088608,2
0.01309954577845603,0.014942704680832536,0.01621746122943994,0.015173846363020521,1.0,0.013562420475069685,0.013500630922428113,0.012313403141200533,0.3696903381784982,0.35401862165912107,0.41600431024532775,0.4344422802879376,1.0,0.33176564683486337,0.287897639131836,0.3317557313797731,0.7171717171717171,0.7878787878787878,0.7676767676767676,0.696969696969697,1.0,0.803030303030303,0.803030303030303,0.7474747474747475,0.6690140845070423,0.7112676056338029,0.704225352112676,0.676056338028169,1.0,0.7816901408450704,0.7535211267605634,0.6338028169014085,3
0.5751058176981997,0.6485587414926043,0.6468827401037573,0.6267401197484272,1.0,0.4600288674586173,0.6226257459526946,0.5949005421161213,0.41702489360019906,0.4687040538273503,0.44836460631305447,0.46866758453866403,1.0,0.3449754330907779,0.3952354315096255,0.38775183691199294,0.967391304347826,0.9891304347826086,0.9891304347826086,0.9782608695652174,0.9293478260869565,1.0,0.9891304347826086,0.9891304347826086,0.6753246753246753,0.7142857142857143,0.7012987012987013,0.6883116883116883,1.0,0.8376623376623377,0.7142857142857143,0.7272727272727273,0
0.09558147276306736,0.08734733180453935,0.08751862052460051,0.10332247742459401,1.0,0.10016285400046762,0.09730296921481965,0.10000189525241197,0.36093378092514206,0.3118114216118984,0.290166961319599,0.4051925487746952,1.0,0.36908479743941497,0.3484837852018713,0.369590311846985,0.9747474747474747,0.9646464646464646,0.9545454545454546,0.9646464646464646,1.0,0.9646464646464646,0.9646464646464646,0.9646464646464646,0.7756410256410257,0.7884615384615384,0.7756410256410257,0.7756410256410257,1.0,0.75,0.7628205128205128,0.7756410256410257,0
0.5117697691167902,0.44702356443313895,0.4394329065666824,0.5718803933171949,1.0,0.5291450315087115,0.5397776165475751,0.5704742477597303,0.2775665610059607,0.22544037921500099,0.21109874707383652,0.3501123227670293,1.0,0.3032810106747176,0.32035927351582805,0.3428474977858128,0.989010989010989,0.989010989010989,1.0,0.989010989010989,0.9010989010989011,0.978021978021978,0.978021978021978,0.9835164835164835,0.8490566037735849,0.8238993710691824,0.7987421383647799,0.8742138364779874,1.0,0.8364779874213837,0.8867924528301887,0.8616352201257862,0
0.020157574034486016,0.02084380962803093,0.021298558499223033,0.019563124371543998,1.0,0.016114442541431625,0.016450103730175955,0.017567042389589036,0.5865611738281877,0.596351263448403,0.618783008974899,0.5600171861654497,1.0,0.4418730072473336,0.39556507149089765,0.47294708407210495,0.7373737373737373,0.7575757575757576,0.7777777777777778,0.7272727272727273,1.0,0.7676767676767676,0.8383838383838383,0.7575757575757576,0.7407407407407407,0.7481481481481481,0.8148148148148148,0.762962962962963,1.0,0.7925925925925926,0.7333333333333333,0.7333333333333333,1
0.023996674331314173,0.029460856275673877,0.022293975970437953,0.02559430832458227,1.0,0.020819182108080557,0.034800317419738686,0.026843021096247095,0.7249434763660503,0.822092369585868,0.6384163565380147,0.6643593023070526,1.0,0.4246675004317533,0.37518180564270454,0.37613693142791843,0.7575757575757576,0.7626262626262627,0.7878787878787878,0.8383838383838383,1.0,0.8585858585858586,0.9494949494949495,0.9191919191919192,0.5345911949685535,0.6477987421383647,0.660377358490566,0.559748427672956,1.0,0.7484276729559748,0.7232704402515723,0.610062893081761,1
0.3012683847715884,0.29936147319507034,0.9856628978645796,0.3247334684653788,1.0,0.5319202164042696,0.288955387081101,0.26005005947468124,0.4588735250944574,0.4456309666402098,0.5181114408788259,0.6376860756131706,0.7753966982305959,1.0,0.5161484682355421,0.40085107756588884,0.8421052631578947,0.8315789473684211,1.0,0.7894736842105263,0.9526315789473684,0.7894736842105263,0.8315789473684211,0.8526315789473684,0.7025316455696202,0.6392405063291139,0.6392405063291139,0.6075949367088608,1.0,0.6645569620253164,0.5443037974683544,0.6835443037974683,1
0.49878700663422315,0.4201536376658108,0.4255889648662085,0.5087885367894743,1.0,0.5227931551139114,0.4987535228792307,0.4864385343733633,0.3341762062748289,0.3224070430344914,0.34639389539414356,0.36670985563803643,1.0,0.37018151524316534,0.285114869030169,0.2551741687893239,0.9659090909090909,0.9772727272727273,0.9886363636363636,0.9772727272727273,0.9090909090909091,0.9772727272727273,1.0,0.9886363636363636,0.810126582278481,0.7341772151898734,0.7658227848101266,0.7658227848101266,1.0,0.7784810126582279,0.7531645569620253,0.7974683544303798,3
0.5845755219392169,0.48842549639895483,0.46980226595564667,0.6370536544769652,1.0,0.6087757330991218,0.6040617406629821,0.6268060077496157,0.3025550059763378,0.24455821915756373,0.22705459095378733,0.37588757388403143,1.0,0.32868697534114055,0.34440341449893247,0.36845764186019603,1.0,1.0,0.9890710382513661,0.9672131147540983,0.8688524590163934,0.9781420765027322,0.9781420765027322,0.9890710382513661,0.8553459119496856,0.8050314465408805,0.7924528301886793,0.8301886792452831,1.0,0.8050314465408805,0.8553459119496856,0.8553459119496856,0
0.5183885392261486,0.45246664897853006,0.45206229832593686,0.5557668585042965,1.0,0.5522371863459989,0.5342063212199465,0.5518661597005948,0.25076338164232886,0.2185434435043945,0.21116412122867492,0.30191856967283615,1.0,0.27672055504591225,0.2774215504427698,0.2933708465349016,1.0,1.0,0.978494623655914,0.978494623655914,0.8602150537634409,0.989247311827957,0.989247311827957,0.978494623655914,0.7848101265822784,0.810126582278481,0.7848101265822784,0.810126582278481,1.0,0.7974683544303798,0.8291139240506329,0.8417721518987342,0
0.5465718274636849,0.537099445279918,0.5421626052451025,0.6199974915978388,1.0,0.5987203392187769,0.5725405512032701,0.5869757617107115,0.32590236184646215,0.45349792725642485,0.4546320752478779,0.4363803920509111,1.0,0.396471980091704,0.3544819928229045,0.3030231805304552,0.978021978021978,0.9065934065934066,0.9340659340659341,0.9285714285714286,0.8736263736263736,0.9285714285714286,0.978021978021978,1.0,0.7358490566037735,0.7169811320754716,0.779874213836478,0.7672955974842768,1.0,0.7358490566037735,0.7735849056603774,0.8301886792452831,3
0.4009785013876678,0.35004039953285615,0.3607123462453139,0.45481134536183515,1.0,0.44282019537591155,0.4256758996871334,0.4364952321577868,0.269688545581525,0.2330596572174705,0.2437420440556509,0.34011796346813683,1.0,0.30677841389630994,0.3007762828262823,0.31461649461598823,1.0,0.9775280898876404,0.9662921348314607,0.9550561797752809,0.8932584269662921,1.0,0.9662921348314607,0.9662921348314607,0.8481012658227848,0.8354430379746836,0.8607594936708861,0.8481012658227848,1.0,0.810126582278481,0.8227848101265823,0.8354430379746836,0
0.42418687147465767,0.3835486650363617,0.3876778812856729,0.462068980257711,1.0,0.4473402512916425,0.4344705815823461,0.4514563232040493,0.4291117616354276,0.46539975970689407,0.538441882710291,0.5851558725160079,1.0,0.5410983593957602,0.4930002889765694,0.4615883399508483,0.9894179894179894,0.9523809523809523,0.9365079365079365,0.9788359788359788,0.9735449735449735,0.9682539682539683,1.0,1.0,0.7531645569620253,0.740506329113924,0.7848101265822784,0.7278481012658228,1.0,0.7531645569620253,0.810126582278481,0.7721518987341772,3
0.06764939149438032,0.06947325456838326,0.06748084375115247,0.06606481851709053,1.0,0.06169994246421751,0.07020805319266232,0.06884282166702202,0.6674165774865011,0.5773021489340112,0.5225296370930406,0.5246427103373378,1.0,0.6027608437748055,0.5619875631564655,0.6159902488404956,0.8010204081632653,0.8316326530612245,0.8724489795918368,0.8418367346938775,1.0,0.826530612244898,0.8724489795918368,0.8214285714285714,0.6712328767123288,0.5958904109589042,0.5958904109589042,0.636986301369863,1.0,0.7465753424657534,0.684931506849315,0.6712328767123288,2
0.19140364569936538,0.19858331318197697,0.20360473387070074,0.19855706901910394,1.0,0.1762543314435877,0.19331372800391583,0.1825096459359004,1.0,0.8239684681838431,0.40170976741067227,0.5667462317625146,0.9154551028810249,0.9058276235651048,0.34975263089239567,0.5579261485430079,0.8979591836734694,0.8979591836734694,0.9693877551020408,0.9591836734693877,1.0,0.9183673469387755,0.9591836734693877,0.9489795918367347,0.7164179104477612,0.7164179104477612,0.835820895522388,0.835820895522388,1.0,0.8656716417910447,0.9402985074626866,0.8805970149253731,1
0.21510769801182297,0.23183562141273356,0.22838079247278176,0.22065689257191234,1.0,0.1783685452450638,0.2230944662750014,0.22657396966953441,0.30091149647429677,0.3315372979358507,0.31995957432413485,0.32042930988956736,1.0,0.24746294468957514,0.3043973169027819,0.31220873506676483,1.0,0.9636363636363636,1.0,0.9515151515151515,1.0,0.9515151515151515,0.9878787878787879,0.9878787878787879,0.5660377358490566,0.5660377358490566,0.5660377358490566,0.5660377358490566,1.0,0.6163522012578616,0.5786163522012578,0.5786163522012578,0
0.9125842908981927,0.7730144748420464,0.8017250192576691,0.9470257361707304,1.0,0.9227533709890121,0.9127470469947214,0.953107200098223,0.25243787951256713,0.21437249631670424,0.21924198440671158,0.2837652582334056,1.0,0.2512281700812348,0.24690126490502853,0.2630403297484641,0.9631578947368421,0.9736842105263158,0.9736842105263158,0.9842105263157894,0.8421052631578947,0.9736842105263158,1.0,0.9789473684210527,0.8291139240506329,0.740506329113924,0.7784810126582279,0.8291139240506329,1.0,0.8037974683544303,0.8037974683544303,0.8291139240506329,0
0.41016864141018394,0.4347055347168411,0.4001705636704634,0.44592285078334726,1.0,0.38391190463659314,0.3609369701438924,0.47168547723687926,0.5647260861744281,0.6596343313274246,0.5976267164846334,0.5651839753278675,1.0,0.4487074271994208,0.3903657131630228,0.6970256122468949,0.9397590361445783,0.8975903614457831,0.8433734939759037,0.9397590361445783,1.0,0.963855421686747,0.9578313253012049,0.9518072289156626,0.7215189873417721,0.6708860759493671,0.6518987341772152,0.7215189873417721,1.0,0.7341772151898734,0.6582278481012658,0.6329113924050633,2
0.9105221642635888,1.0,0.9506832438114429,0.9793525556834024,0.92064482714642,0.7246201742703895,0.9384100099810946,0.9101322606503488,0.3483755206453174,0.40241698222967576,0.39160410464080525,0.39496521744805785,1.0,0.32739515785593637,0.3557461419828753,0.3357030964582894,0.9948717948717949,0.9897435897435898,1.0,0.9897435897435898,0.8358974358974359,0.9692307692307692,1.0,0.9948717948717949,0.6923076923076923,0.7051282051282052,0.7051282051282052,0.6923076923076923,1.0,0.8910256410256411,0.7051282051282052,0.7307692307692307,0
0.6074884403289688,0.6749200808469763,0.6714075608382233,0.6583552053086345,1.0,0.5059722468740587,0.6300824402450618,0.5987874838206387,0.34906278701871596,0.3962639218500012,0.38533724309703754,0.38703034344626136,1.0,0.35937382887463065,0.3531327997623902,0.329082032091419,0.9891891891891892,0.9891891891891892,0.9891891891891892,1.0,0.8918918918918919,0.9567567567567568,1.0,1.0,0.6962025316455697,0.7215189873417721,0.7341772151898734,0.6835443037974683,1.0,0.8860759493670886,0.7088607594936709,0.7088607594936709,0
0.39296866819002824,0.40599109441815284,0.39124723474216877,0.3869806266803973,1.0,0.3531855266655321,0.4087052007902712,0.3985700130505446,0.653551549925899,0.6480326441095227,0.6401974608973472,0.6481912899231222,1.0,0.6077271367811737,0.6306823924876446,0.6640738718551589,0.9259259259259259,0.9567901234567902,0.9320987654320988,0.9074074074074074,1.0,0.8703703703703703,0.8888888888888888,0.8888888888888888,0.6153846153846154,0.5641025641025641,0.5769230769230769,0.6025641025641025,1.0,0.6089743589743589,0.6346153846153846,0.5576923076923077,2
0.020093594771650923,0.024089884849365258,0.02021785593722342,0.021957442788360777,1.0,0.017059186442422172,0.02109727216938634,0.034444776946152555,0.6835401550041146,0.7550340628936992,0.5898520084834888,0.6759837011124918,1.0,0.3694800311703008,0.3416586740547522,0.3655581233451149,0.7070707070707071,0.7575757575757576,0.7474747474747475,0.7424242424242424,1.0,0.8585858585858586,0.8787878787878788,0.9292929292929293,0.5816993464052288,0.6274509803921569,0.6209150326797386,0.6405228758169934,1.0,0.7450980392156863,0.7777777777777778,0.6666666666666666,1
0.09427066519869294,0.08619549010362372,0.061524543386674985,0.06988520232674973,1.0,0.09232084766712087,0.0638776258838303,0.07312815556826956,1.0,0.7798054945526061,0.4335320938869161,0.5851442293698148,0.8841189356719548,0.948968001138741,0.3333516206912509,0.6287067235274286,0.9175257731958762,0.8969072164948454,0.865979381443299,0.9072164948453608,1.0,0.9175257731958762,0.8865979381443299,0.9587628865979382,0.7384615384615385,0.8153846153846154,0.7846153846153846,0.8692307692307693,1.0,0.8153846153846154,0.8076923076923077,0.8307692307692308,1
0.02067547559962058,0.021609752179461775,0.02107510363310173,0.021358538879713947,1.0,0.018275638575608735,0.02034108253358043,0.020789733156622227,0.4164502384768871,0.3936406284858924,0.3950628751644451,0.3783525418482069,1.0,0.36723900703211654,0.2924602421740346,0.37109463210911786,0.8484848484848485,0.8535353535353535,0.8636363636363636,0.8838383838383839,1.0,0.9090909090909091,0.8737373737373737,0.8737373737373737,0.7397260273972602,0.7602739726027398,0.7191780821917808,0.6917808219178082,1.0,0.7054794520547946,0.7054794520547946,0.684931506849315,3
0.512813588820093,0.39526323951335335,0.46853750625721813,0.5320201237852892,1.0,0.5148466797182976,0.49072308488298944,0.4780861881705184,0.4763188261151571,0.3700855766565684,0.43658090374670816,0.4670251386109786,1.0,0.501685256340264,0.4185629759485118,0.33075954466409835,0.912568306010929,0.8469945355191257,0.912568306010929,0.9234972677595629,0.8743169398907104,0.912568306010929,0.9672131147540983,1.0,0.7658227848101266,0.689873417721519,0.7088607594936709,0.759493670886076,1.0,0.7341772151898734,0.6265822784810127,0.7215189873417721,1
0.010637730319344113,0.01142052644783533,0.011235537759725465,0.010843571186404877,1.0,0.009155539523993119,0.010905864714672645,0.01121161921256852,0.2145803546097764,0.23289576205496784,0.22526373778590916,0.22845238159285602,1.0,0.18717975592308547,0.21607165603773815,0.21986881030479125,0.8333333333333334,0.8333333333333334,0.8535353535353535,0.803030303030303,1.0,0.8333333333333334,0.8131313131313131,0.8333333333333334,0.54421768707483,0.5578231292517006,0.5578231292517006,0.5578231292517006,1.0,0.6258503401360545,0.5578231292517006,0.5714285714285714,0
0.40296218420422614,0.322437359064033,0.3164801520885103,0.35362984987877066,1.0,0.3879861748742708,0.34293013829394225,0.3384867539512726,0.368371899728822,0.3288614093868256,0.3315668772457911,0.3474782700609478,1.0,0.3906173140476735,0.27827767663244357,0.24310784075070735,0.9545454545454546,0.9431818181818182,0.9034090909090909,0.9204545454545454,0.9034090909090909,0.9488636363636364,0.9659090909090909,1.0,0.7025316455696202,0.7531645569620253,0.7025316455696202,0.7341772151898734,1.0,0.689873417721519,0.7088607594936709,0.7848101265822784,3
0.7758903975731791,0.7095889340988407,0.7030783556482486,0.853233161008915,1.0,0.8099300849769308,0.7975724276910582,0.8192032191504262,0.34910205948430134,0.458743573665278,0.459394452222796,0.4827602711280332,1.0,0.41461651984129616,0.35663835858284104,0.3347246763937352,0.9790575916230366,0.9581151832460733,0.900523560209424,0.9581151832460733,0.837696335078534,0.9685863874345549,1.0,1.0,0.7295597484276729,0.7861635220125787,0.7169811320754716,0.7987421383647799,1.0,0.6981132075471698,0.6855345911949685,0.8364779874213837,3
0.45556587950182864,0.38529970644730366,0.3715387603224408,0.5114695425191704,1.0,0.4812586389758261,0.4793117066005162,0.5046401780560625,0.2905640659458854,0.2356912686466574,0.22028129305761512,0.3606969912241601,1.0,0.31568663302229993,0.3257251262302521,0.3494713524538962,0.946524064171123,1.0,0.9679144385026738,0.9411764705882353,0.8983957219251337,0.9625668449197861,0.9411764705882353,0.9411764705882353,0.779874213836478,0.8176100628930818,0.7924528301886793,0.8176100628930818,1.0,0.8176100628930818,0.8050314465408805,0.8176100628930818,0
0.2659339795537467,0.222470942987296,0.2642230267013935,0.308026092224968,1.0,0.2946696738760401,0.2615223865200743,0.24191281310599008,0.6561204642410002,0.5876740300448887,0.6658249584096693,0.7115155458511774,1.0,0.9093021141165469,0.6719420696879449,0.4609120799622721,0.7554347826086957,0.7554347826086957,0.8206521739130435,0.8260869565217391,1.0,0.7554347826086957,0.75,0.8532608695652174,0.710691823899371,0.660377358490566,0.6792452830188679,0.6666666666666666,1.0,0.610062893081761,0.5786163522012578,0.6855345911949685,1
0.9216144666122972,1.0,0.9422768128369704,0.9762696659231757,0.8858976463133159,0.7216877861194606,0.9443782016733324,0.9006076864553303,0.342591923099802,0.40622537968139627,0.4001618071279403,0.40399141807034733,1.0,0.30322832256777377,0.3524579414289598,0.34731088856373643,1.0,1.0,1.0,1.0,0.8195876288659794,0.9690721649484536,1.0,1.0,0.6455696202531646,0.6708860759493671,0.6708860759493671,0.6582278481012658,1.0,0.879746835443038,0.6708860759493671,0.6835443037974683,0
0.4783723273478486,0.3998939479751692,0.5139688042208433,0.5473163718385655,1.0,0.6412721673217394,0.5806524020397394,0.5293577908596582,0.5230801754900938,0.5344193023063709,0.6244903336427983,0.6881972791347165,0.8522242636691252,1.0,0.6676578628866513,0.4393998943162689,0.9415204678362573,0.8538011695906432,0.9532163742690059,0.8654970760233918,0.9707602339181286,0.8187134502923976,0.9122807017543859,1.0,0.6139240506329114,0.6392405063291139,0.6772151898734177,0.6772151898734177,1.0,0.6835443037974683,0.6518987341772152,0.7531645569620253,1
0.36451065622708484,0.2991752322332641,0.38577779560249925,0.3904785898709292,1.0,0.40482543816751704,0.32392691184141365,0.2953941794745012,0.5904241115068146,0.5448426545958315,0.6511094638350566,0.6817107193587775,1.0,0.6895241762456096,0.5901369562571909,0.3984147952550074,0.9055555555555556,0.8722222222222222,0.8944444444444445,0.8944444444444445,1.0,0.9111111111111111,0.8611111111111112,0.9833333333333333,0.6540880503144654,0.610062893081761,0.6415094339622641,0.6540880503144654,1.0,0.6289308176100629,0.5723270440251572,0.6477987421383647,1
0.02127311265049914,0.024049090650035056,0.022716794745703265,0.022202008681972214,1.0,0.018713732726388956,0.021967081374357295,0.0216210937954762,0.35588135292364553,0.3675970269154792,0.3492740068764457,0.4038999585889771,1.0,0.3250800848910307,0.3140308931682887,0.33349296206394297,0.8928571428571429,0.8724489795918368,0.8622448979591837,0.8724489795918368,1.0,0.8622448979591837,0.9132653061224489,0.8826530612244898,0.7518796992481203,0.7293233082706767,0.7744360902255639,0.7218045112781954,1.0,0.849624060150376,0.7744360902255639,0.7518796992481203,3
0.33474309429803983,0.4386244720610781,0.46881555834802585,0.42401135289475067,1.0,0.3406602824751049,0.29063301015945636,0.46015086162177105,0.5589421081650894,0.7921201134630045,0.7983391314586977,0.6860568844146933,1.0,0.5296705624749906,0.44073806113764136,0.8937632397022117,0.8950617283950617,0.8395061728395061,0.8395061728395061,0.8395061728395061,1.0,0.9135802469135802,0.9691358024691358,0.8703703703703703,0.6582278481012658,0.6645569620253164,0.7215189873417721,0.6962025316455697,1.0,0.6708860759493671,0.6582278481012658,0.6455696202531646,2
0.8242994140851844,0.7501165231684619,0.8026513023022986,0.9221579113357707,1.0,0.8855209463536424,0.8387838539626016,0.8461756060204275,0.3289373517161224,0.29627425753965597,0.3785864969010003,0.413523888351859,1.0,0.5186384489605057,0.31968255953744573,0.27321263862942746,1.0,0.9790575916230366,0.9528795811518325,0.9424083769633508,0.8272251308900523,0.9581151832460733,0.9895287958115183,1.0,0.7341772151898734,0.7531645569620253,0.7341772151898734,0.7658227848101266,1.0,0.759493670886076,0.7848101265822784,0.810126582278481,3
0.39825494744616663,0.3356587999354954,0.34679199797666693,0.41485148124733284,1.0,0.41336436785927033,0.40809910855227355,0.4141605746104046,0.2754356981216051,0.27653583468575305,0.3059451024951552,0.3266319303018715,1.0,0.34567718648952045,0.2525407669648517,0.20731238898369964,0.9578947368421052,0.9578947368421052,0.9368421052631579,0.9578947368421052,0.8842105263157894,0.9368421052631579,0.9894736842105263,1.0,0.6729559748427673,0.7232704402515723,0.8238993710691824,0.7987421383647799,1.0,0.7169811320754716,0.6918238993710691,0.7547169811320755,3
0.6005579126023943,0.4935417494169055,0.508411322482542,0.6029956922668129,1.0,0.595895729170958,0.5852306391772009,0.6070948465823637,0.2574499891385659,0.22411165624778365,0.22237962685931606,0.2824555962764556,1.0,0.26317009202203945,0.2619253907788243,0.2760126582734253,0.9893617021276596,1.0,1.0,1.0,0.8457446808510638,1.0,1.0,0.9680851063829787,0.7278481012658228,0.7215189873417721,0.7088607594936709,0.7468354430379747,1.0,0.6962025316455697,0.7341772151898734,0.7531645569620253,0
0.976896687862241,0.8347642143462342,0.8518792522847047,0.9880419840520186,0.9114065548525744,0.9879876141306063,0.9691430580125424,1.0,0.37825881039215564,0.314193983188663,0.28022819035814533,0.42476283473491594,1.0,0.3871860378273765,0.36228258938322994,0.4192143298748687,0.9790575916230366,0.9895287958115183,1.0,0.9790575916230366,0.837696335078534,0.9895287958115183,1.0,0.9895287958115183,0.7692307692307693,0.7564102564102564,0.782051282051282,0.8205128205128205,1.0,0.8076923076923077,0.782051282051282,0.7948717948717948,0
0.016236186213673495,0.017268071576906904,0.01704692888687197,0.017278355673204474,1.0,0.01665831260201376,0.016832690735672826,0.01662976806246674,0.5752099996034362,0.5736966418716469,0.5644478948285858,0.5697380510156077,1.0,0.5850719714981835,0.5873765345953161,0.6133128819044386,0.7602040816326531,0.7346938775510204,0.7448979591836735,0.7653061224489796,1.0,0.7193877551020408,0.7295918367346939,0.6938775510204082,0.668918918918919,0.6418918918918919,0.6554054054054054,0.6824324324324325,1.0,0.6959459459459459,0.7297297297297297,0.6554054054054054,2
0.4011206037686535,0.41174684737673356,0.40158362937320824,0.40295806114282123,1.0,0.35935498612262984,0.38180017112745135,0.4273854750742599,0.8913932664134169,0.9020490331420616,0.8635709836635678,0.8447764050532702,1.0,0.800295043360876,0.8641945214247927,0.8992622003125095,0.7810650887573964,0.757396449704142,0.7928994082840237,0.8284023668639053,1.0,0.7928994082840237,0.7928994082840237,0.8284023668639053,0.6114649681528662,0.6369426751592356,0.6242038216560509,0.6114649681528662,1.0,0.5732484076433121,0.5605095541401274,0.6496815286624203,2
0.42418549770235725,0.333129671556104,0.38894153795120595,0.4358153918056205,1.0,0.4450448328434655,0.3986699941188154,0.37835752507592546,0.5397665582288933,0.47139327099062045,0.5643440624381431,0.5859740928035291,1.0,0.6883647616521302,0.5360238019701581,0.4048759223195434,0.9766081871345029,0.9298245614035088,0.9239766081871345,0.9298245614035088,0.9883040935672515,0.8713450292397661,0.9415204678362573,1.0,0.6645569620253164,0.6329113924050633,0.6582278481012658,0.6455696202531646,1.0,0.6708860759493671,0.6518987341772152,0.689873417721519,1
0.6383205204859904,0.547597959291767,0.6383358079189808,0.743927947149059,1.0,0.7316669327325592,0.6414075751081391,0.6862058114204184,0.4612314677236122,0.37824679505375997,0.47466739867703167,0.5290528127661395,1.0,0.7098883727383434,0.49356712888108684,0.49334338131078953,0.9710982658959537,0.9826589595375722,1.0,0.9653179190751445,0.9190751445086706,0.9826589595375722,0.976878612716763,0.9884393063583815,0.740506329113924,0.7278481012658228,0.7025316455696202,0.7088607594936709,1.0,0.620253164556962,0.6518987341772152,0.7088607594936709,1
0.4239873069228713,0.4115115968908817,0.3582400610494438,0.4388177387788618,1.0,0.3642373405230196,0.3708093508511369,0.5441372842115783,0.6046088647351858,0.730940318864922,0.5190620067934555,0.5629260627623208,1.0,0.47004353039264857,0.4104662745912355,0.9634005930148455,0.9069767441860465,0.8546511627906976,0.9244186046511628,0.9476744186046512,1.0,0.9244186046511628,0.936046511627907,0.8488372093023255,0.6708860759493671,0.620253164556962,0.7088607594936709,0.7088607594936709,1.0,0.6708860759493671,0.6265822784810127,0.620253164556962,2
0.5864974767478366,0.5072066879308857,0.49775819781952113,0.5838455049851548,1.0,0.5671532491422688,0.5456659333721136,0.5652639059432328,0.3972680295919875,0.3708361263930588,0.3680431636110504,0.38943947081637287,1.0,0.41213912974488986,0.2803735511579179,0.2682313001825339,0.9894179894179894,0.9153439153439153,0.9259259259259259,0.9576719576719577,0.8677248677248677,0.9153439153439153,1.0,0.9894179894179894,0.7070063694267515,0.7579617834394905,0.7197452229299363,0.7515923566878981,1.0,0.6687898089171974,0.7707006369426752,0.7643312101910829,3
0.9013762950159097,1.0,0.9433172478611538,0.94363339623947,0.9400337318741167,0.7677797950600638,0.9252771662005691,0.8991616457310455,0.48382097227697174,0.4956934020052542,0.5694712446653487,0.6085394521451024,1.0,0.4406476179946823,0.3781406963953257,0.4174847585218529,0.978494623655914,0.946236559139785,0.9086021505376344,0.967741935483871,0.8763440860215054,0.967741935483871,1.0,0.978494623655914,0.7468354430379747,0.689873417721519,0.6835443037974683,0.689873417721519,1.0,0.7721518987341772,0.7278481012658228,0.689873417721519,3
0.02387314964304573,0.025192220247839608,0.025686639004270314,0.022096621328923934,1.0,0.021760572999547638,0.027214586646380212,0.024592984723158635,0.4957278440835358,0.37106687912796693,0.22108543827003474,0.3017969517876114,1.0,0.4822230958150432,0.21025372773606374,0.3370191550793324,0.8383838383838383,0.898989898989899,0.9444444444444444,0.8888888888888888,1.0,0.797979797979798,0.9696969696969697,0.8787878787878788,0.7936507936507936,0.7777777777777778,0.8888888888888888,0.8174603174603174,1.0,0.7698412698412699,0.873015873015873,0.8095238095238095,3
0.24758837921548968,0.27089180788010453,0.2703163989318575,0.27934063153452204,1.0,0.29361234815841664,0.21084565791728246,0.18837858893222728,0.4339663677191578,0.3873152631749393,0.4100156399662596,0.3791878493329053,1.0,0.4036621348018012,0.2612593056860947,0.21049531718757333,0.8372093023255814,0.9302325581395349,0.9011627906976745,0.8953488372093024,1.0,0.8953488372093024,0.9534883720930233,0.9651162790697675,0.7278481012658228,0.6962025316455697,0.740506329113924,0.7721518987341772,1.0,0.6772151898734177,0.7531645569620253,0.7468354430379747,3
0.7212321180794593,0.7187919653088578,0.6862249316572581,0.8012106050437499,1.0,0.7271418380746083,0.7236307497349457,0.8520011612835763,0.5977076965652363,0.8194621277730776,0.7557714687048921,0.6972147235796595,1.0,0.5064762155403834,0.4758620033208321,0.8744725017030484,0.9613259668508287,0.8674033149171271,0.9171270718232044,0.9226519337016574,0.8950276243093923,1.0,0.9668508287292817,0.9171270718232044,0.6265822784810127,0.6455696202531646,0.7151898734177216,0.689873417721519,1.0,0.6708860759493671,0.6708860759493671,0.6139240506329114,2
0.5083515359164443,0.4240002328649774,0.4627777682891579,0.5173239623076196,1.0,0.5135030206272927,0.4774444263955654,0.49004941982907796,0.5152741368524907,0.44665424689029815,0.49003724030691537,0.5533503827340175,1.0,0.681224361018332,0.4680553565498753,0.3479433567678975,0.9459459459459459,0.9351351351351351,0.9891891891891892,0.9567567567567568,0.9675675675675676,0.9243243243243243,0.9675675675675676,1.0,0.7848101265822784,0.7341772151898734,0.7341772151898734,0.6962025316455697,1.0,0.6392405063291139,0.6265822784810127,0.6582278481012658,1
0.8435284840543588,0.8592992472785294,0.7013840249885875,0.8574037511868386,0.8160645304070759,0.6494232649292678,1.0,0.9482599944425624,0.8513148094637676,0.9123883740975808,0.8220363516207395,1.0,0.7049162407362529,0.6530150573400398,0.5859726532484985,0.570778820394116,0.9130434782608695,0.8967391304347826,0.8260869565217391,0.8695652173913043,0.8858695652173914,0.9021739130434783,0.9891304347826086,1.0,0.610062893081761,0.610062893081761,0.5849056603773585,0.6163522012578616,1.0,0.6729559748427673,0.6729559748427673,0.6163522012578616,1
0.5498686889462799,0.6110472097425319,0.6287369013020747,0.6277073144271182,1.0,0.4933277617340001,0.5378601796696869,0.5143825937570806,0.39681380437578395,0.4515087679851597,0.4770422091017538,0.5103668802012562,1.0,0.40058329724028363,0.3584866411383957,0.35109187357780286,1.0,0.9130434782608695,0.9402173913043478,0.9456521739130435,0.9021739130434783,0.9293478260869565,1.0,0.9945652173913043,0.740506329113924,0.7784810126582279,0.7531645569620253,0.7151898734177216,1.0,0.7911392405063291,0.740506329113924,0.7025316455696202,3
0.5818449454403601,0.6174666799925159,0.5740853553658078,0.604035622770014,1.0,0.5051435628939708,0.5733851639329358,0.6005312864487085,0.5701591623244299,0.5519431514133406,0.5611526369537803,0.5782583572471799,1.0,0.5074433218042225,0.3284490400536457,0.4806047956320464,0.9016393442622951,0.9180327868852459,0.907103825136612,0.9398907103825137,0.9016393442622951,0.9234972677595629,1.0,0.9562841530054644,0.6582278481012658,0.7215189873417721,0.6582278481012658,0.6392405063291139,1.0,0.7278481012658228,0.6518987341772152,0.6329113924050633,3
0.013734028378340054,0.014833526529928736,0.015438911236501814,0.014134806578742892,1.0,0.012571574415796503,0.013003134064367986,0.013000481581862228,0.5312929326334602,0.4885903170647664,0.5308976534150747,0.5104647816457891,1.0,0.43489228412712655,0.43119197477305865,0.4070443208640247,0.6363636363636364,0.6767676767676768,0.6868686868686869,0.6313131313131313,1.0,0.6717171717171717,0.7070707070707071,0.7373737373737373,0.6170212765957447,0.6879432624113475,0.7021276595744681,0.6737588652482269,1.0,0.7446808510638298,0.6453900709219859,0.7163120567375887,1
0.7909510874352672,0.6831857473673625,0.6847118568879289,0.848332727203358,1.0,0.8235595874456173,0.8156714024158337,0.8420658309433321,0.4372281390618515,0.3689585647567014,0.350890948100186,0.4610217474933453,1.0,0.46610454013735453,0.43438981503869895,0.47135902412432695,0.9831460674157303,0.9943820224719101,0.9943820224719101,0.9943820224719101,0.9213483146067416,0.9943820224719101,1.0,1.0,0.8291139240506329,0.8417721518987342,0.8417721518987342,0.8417721518987342,1.0,0.8544303797468354,0.8417721518987342,0.8670886075949367,0
0.5420726567174737,0.5709216325579405,0.644742469727833,0.6814987405746333,1.0,0.5714531762468492,0.5017563753534834,0.6373355970230685,0.5356519240841432,0.6916556415638586,0.6917750355031028,0.6860219043644644,1.0,0.547500078074914,0.4264539309855147,0.8758357641805622,0.9482758620689655,0.896551724137931,0.9195402298850575,0.9080459770114943,0.9195402298850575,0.9597701149425287,1.0,0.867816091954023,0.689873417721519,0.7531645569620253,0.7531645569620253,0.7151898734177216,1.0,0.7025316455696202,0.7151898734177216,0.6518987341772152,2
0.03138533834083551,0.03037296769583065,0.023962275685662653,0.025921082626006484,1.0,0.028961787788183684,0.02363585551950004,0.027854598379637236,0.6551930574005205,0.5639284631494874,0.3642543410828769,0.4299497739609801,1.0,0.5723474263802268,0.2931766686905743,0.4926184278713681,0.8418367346938775,0.8316326530612245,0.8316326530612245,0.8418367346938775,1.0,0.9132653061224489,0.8316326530612245,0.8316326530612245,0.6578947368421053,0.75,0.7368421052631579,0.6644736842105263,1.0,0.8092105263157895,0.7763157894736842,0.6381578947368421,3
0.6671906461428557,0.7270394093454353,0.6843189015925449,0.7063635533137529,1.0,0.5842081193648737,0.7090779140220439,0.7077772337389895,0.42482935732596344,0.418591898273613,0.3721040548268638,0.4085721507503272,1.0,0.35608356242554584,0.3501926654941426,0.3780250783273516,0.9565217391304348,0.967391304347826,0.9782608695652174,0.9836956521739131,0.8641304347826086,0.9728260869565217,1.0,0.9782608695652174,0.569620253164557,0.620253164556962,0.6075949367088608,0.5822784810126582,1.0,0.6455696202531646,0.620253164556962,0.6075949367088608,0
0.4087156024973503,0.4203848832473055,0.4072575388875864,0.40547112454063433,1.0,0.33463886396795717,0.399614102320538,0.4101206093564398,0.4552789735888695,0.42718487586286424,0.3909216387908644,0.41624612926648674,1.0,0.3757271488082324,0.3740164702193107,0.4070320455681051,0.9503105590062112,0.9627329192546584,0.9875776397515528,0.9751552795031055,0.9875776397515528,0.9875776397515528,1.0,0.9751552795031055,0.6518987341772152,0.6265822784810127,0.6392405063291139,0.6518987341772152,1.0,0.7151898734177216,0.6518987341772152,0.6645569620253164,0
0.8666055515450296,0.6995255523315776,0.9037310016381155,0.8723563385139039,1.0,0.8160034745230825,0.7945441879601997,0.8277222520048025,0.340113983304426,0.3675055927678301,0.4406387312449208,0.4438352717717274,1.0,0.38161337325445954,0.3185630333192113,0.30715200005018284,0.9680851063829787,0.9148936170212766,0.9468085106382979,0.9468085106382979,0.8457446808510638,0.9468085106382979,0.9893617021276596,1.0,0.7358490566037735,0.6918238993710691,0.7358490566037735,0.7421383647798742,1.0,0.6792452830188679,0.6918238993710691,0.7924528301886793,3
0.02017593406843052,0.021187822047664114,0.0207887102899582,0.020524423073719267,1.0,0.01930834534901754,0.019925029741183483,0.019832534424575332,0.6800080444381059,0.7166859415486558,0.7192125800911123,0.7317429299893232,1.0,0.6853079972178928,0.6923937754884101,0.6578193128520987,0.7525252525252525,0.7828282828282829,0.7626262626262627,0.7727272727272727,1.0,0.7626262626262627,0.7222222222222222,0.7323232323232324,0.6163522012578616,0.6415094339622641,0.6415094339622641,0.6415094339622641,1.0,0.6289308176100629,0.6163522012578616,0.6415094339622641,2
0.4519983703723505,0.5355350621300873,0.5522486521172221,0.4659267824671715,1.0,0.4198785435938185,0.39001578300752143,0.38342552868776597,0.601025166991593,0.6368506046591371,0.7441342687079262,0.7345231023960903,1.0,0.5886117757316817,0.47596749545671396,0.5117198868906165,0.9815950920245399,0.9815950920245399,0.9325153374233128,0.9386503067484663,1.0,0.9202453987730062,1.0,0.9570552147239264,0.6645569620253164,0.6962025316455697,0.6708860759493671,0.689873417721519,1.0,0.7721518987341772,0.7215189873417721,0.6518987341772152,3
0.024717920998724534,0.027165271061232895,0.026839180269281712,0.026407519631538638,1.0,0.027256522171434167,0.026387103794754875,0.024649221035663613,0.9518694047744749,0.9844184981666598,0.9775169099338393,0.9834287703087099,0.9789195648484104,0.9693154503827656,0.9117743672477553,1.0,0.7121212121212122,0.7424242424242424,0.7323232323232324,0.6919191919191919,1.0,0.7575757575757576,0.7878787878787878,0.7070707070707071,0.6137931034482759,0.6275862068965518,0.6344827586206897,0.6344827586206897,1.0,0.6758620689655173,0.6551724137931034,0.6137931034482759,2
0.9308059682877037,0.7968858684318637,0.7783397516668759,0.9917262123539587,0.9070595139627705,0.9279070756346651,0.9351989554044334,1.0,0.3346051525600302,0.2702832794259595,0.25063949676939956,0.4194417541503282,1.0,0.3652133738473724,0.3779031106412664,0.4051808814526106,0.9786096256684492,0.9786096256684492,1.0,1.0,0.8663101604278075,1.0,1.0,1.0,0.7987421383647799,0.7987421383647799,0.7735849056603774,0.8301886792452831,1.0,0.7861635220125787,0.8238993710691824,0.8301886792452831,0
0.021449982811145248,0.021745363246940316,0.02137277879909622,0.02176206223197922,1.0,0.025600978524190816,0.02322656578962818,0.02120594731648096,0.8964412903427346,0.9229181814988586,0.9269107671387106,0.9562733002956593,0.9589214798899981,1.0,0.8783047374483127,0.8805387101061928,0.6313131313131313,0.6212121212121212,0.6363636363636364,0.6262626262626263,1.0,0.6616161616161617,0.6818181818181818,0.6515151515151515,0.6838235294117647,0.6911764705882353,0.6617647058823529,0.6617647058823529,1.0,0.7647058823529411,0.6838235294117647,0.6691176470588235,2
0.4217761846696384,0.42936013741998763,0.4688634964055218,0.4980407619390516,1.0,0.4205175475609326,0.39608475547685384,0.5428960518387083,0.628519742534392,0.6544276235438687,0.6420004261165445,0.6770046914017382,1.0,0.5438175396112809,0.43127562328775876,0.9107830140675189,0.9454545454545454,0.9333333333333333,0.9454545454545454,0.9212121212121213,1.0,0.9575757575757575,0.9696969696969697,0.8909090909090909,0.6582278481012658,0.7025316455696202,0.7784810126582279,0.7658227848101266,1.0,0.7278481012658228,0.7025316455696202,0.6772151898734177,2
0.3069899581228834,0.28891354437815264,0.32497238292167546,0.3645465687689093,1.0,0.32474459345417334,0.31601429204264253,0.3243977558989245,0.3396306302622378,0.3947834980118041,0.45629372950792396,0.38958509176188205,1.0,0.3724585981891499,0.3072378070708209,0.2708051644301466,0.9782608695652174,0.9565217391304348,0.9565217391304348,0.9565217391304348,1.0,0.9239130434782609,0.9347826086956522,0.9456521739130435,0.6792452830188679,0.6792452830188679,0.7295597484276729,0.6792452830188679,1.0,0.710691823899371,0.7232704402515723,0.7484276729559748,3
0.5594754691075602,0.47901521394580426,0.531664284265093,0.56307394167858,1.0,0.635966531397049,0.5040112341621668,0.5199344608840065,0.5451936438671467,0.4812425125328208,0.5090481004677234,0.5459469774919873,1.0,0.7060404671089169,0.521865346430568,0.4760948586040667,0.930635838150289,0.930635838150289,0.9132947976878613,1.0,0.9190751445086706,0.9017341040462428,0.953757225433526,1.0,0.7215189873417721,0.6075949367088608,0.6835443037974683,0.6582278481012658,1.0,0.6582278481012658,0.6582278481012658,0.7278481012658228,1
0.5089383025638513,0.43676112697148667,0.4795202687124586,0.5284077061522703,1.0,0.5518655566585439,0.509224592262954,0.5275560630655887,0.3844783309943213,0.3646624237701774,0.4448692051194679,0.46882840004024934,1.0,0.6238983774010368,0.425897605724811,0.3784077172117077,0.9888888888888889,0.9666666666666667,0.9555555555555556,0.9444444444444444,0.9388888888888889,0.9444444444444444,0.9888888888888889,1.0,0.6981132075471698,0.6792452830188679,0.7421383647798742,0.7044025157232704,1.0,0.7169811320754716,0.6037735849056604,0.7861635220125787,1
0.46315449715816814,0.4442048657533066,0.4687870920015754,0.53379871529606,1.0,0.5083795038698237,0.462629068316986,0.46891120292424476,0.34181415992720493,0.3802114062084496,0.4593030116700545,0.4682737778217066,1.0,0.5083523370864356,0.30017049329844403,0.2508736760199063,0.9358288770053476,0.9037433155080213,0.893048128342246,0.9358288770053476,0.8556149732620321,0.9037433155080213,1.0,0.9679144385026738,0.7468354430379747,0.7341772151898734,0.759493670886076,0.740506329113924,1.0,0.7531645569620253,0.7721518987341772,0.7784810126582279,3
0.2514254369901561,0.3175773963539567,0.3081603726918206,0.2732425564110831,1.0,0.2555783155192624,0.21731620136014054,0.20887181753834086,0.5845121442885909,0.659373164946384,0.7826188983144545,0.7512794105583267,1.0,0.5876868657167446,0.41807494518629784,0.5200494402384888,0.8465608465608465,0.8571428571428571,0.8359788359788359,0.8571428571428571,1.0,0.8306878306878307,0.8888888888888888,0.8465608465608465,0.6918238993710691,0.6792452830188679,0.6415094339622641,0.5345911949685535,1.0,0.7735849056603774,0.6855345911949685,0.6540880503144654,3
0.5006272005244846,0.42522067882453696,0.46565629950215304,0.5720387906441574,1.0,0.5888572838572941,0.5307916309534856,0.5412855336457812,0.5494343671357167,0.5208634386733138,0.6414506796462213,0.7548612451127349,1.0,0.8881987792218196,0.6833409611720415,0.47511758776520996,0.9642857142857143,0.9166666666666666,0.9226190476190477,0.9166666666666666,0.9642857142857143,0.9166666666666666,0.9404761904761905,1.0,0.6582278481012658,0.6708860759493671,0.6962025316455697,0.6835443037974683,1.0,0.6012658227848101,0.6329113924050633,0.740506329113924,1
0.4700368604245592,0.37040787144759874,0.4893181456732695,0.4743094233073144,1.0,0.4731730135793348,0.43257282991515,0.45491236291392945,0.32299992959258816,0.38721422707035896,0.44407099080333534,0.4155631695687165,1.0,0.4441315904054742,0.33363104697829166,0.3141628458857252,1.0,0.8947368421052632,0.9368421052631579,0.9157894736842105,0.8894736842105263,0.8947368421052632,0.9578947368421052,0.9578947368421052,0.7468354430379747,0.759493670886076,0.7911392405063291,0.7721518987341772,1.0,0.6835443037974683,0.7721518987341772,0.810126582278481,3
0.41920167259893854,0.45688611184806716,0.4421307674558556,0.4370993286125012,1.0,0.3665939859724663,0.44844966992266777,0.44249244197482457,0.3164711973998679,0.34588521384969534,0.33496116661174435,0.3377785725435556,1.0,0.26412127475212155,0.32559067462524127,0.32547234575821893,0.9890710382513661,0.9890710382513661,0.9890710382513661,0.9672131147540983,0.8961748633879781,0.9781420765027322,1.0,0.9890710382513661,0.5949367088607594,0.5632911392405063,0.5886075949367089,0.5759493670886076,1.0,0.6835443037974683,0.5759493670886076,0.5759493670886076,0
0.4542447743512664,0.4099672389278701,0.5906081632203217,0.5850651158267643,1.0,0.6347666320666618,0.5092381103200307,0.49660001348234034,0.5243354525857031,0.5191708591349784,0.6928266929783604,0.7371900162216853,1.0,0.8553560840572848,0.6734462047358634,0.4644265160569789,0.9337349397590361,0.9096385542168675,0.9578313253012049,0.9216867469879518,0.963855421686747,0.9156626506024096,0.9337349397590361,1.0,0.6645569620253164,0.6392405063291139,0.740506329113924,0.7784810126582279,1.0,0.6645569620253164,0.6265822784810127,0.759493670886076,1
0.01954420534074104,0.020947153805907514,0.021014747865425072,0.021567494186463042,1.0,0.020105305046161873,0.018548249109722012,0.022328202753823977,0.4411053692621912,0.564640482415921,0.48400349545483234,0.4569584991313877,1.0,0.3852865976167687,0.37155848136523556,0.5399521607912425,0.7602040816326531,0.7142857142857143,0.7806122448979592,0.7806122448979592,1.0,0.8214285714285714,0.7908163265306123,0.7755102040816326,0.6845637583892618,0.7315436241610739,0.7986577181208053,0.7651006711409396,1.0,0.825503355704698,0.7449664429530202,0.6577181208053692,2
0.5453959348788956,0.49505000617327977,0.4819450992977468,0.5650378230377961,1.0,0.5357444771660155,0.5559450102369807,0.5758579384577012,0.42848178128934766,0.4752475555055326,0.42780140829108354,0.44482810775659004,1.0,0.5306699614797378,0.3123066283138602,0.2998765601472276,0.9470899470899471,0.9470899470899471,0.9682539682539683,0.9682539682539683,0.8677248677248677,0.9417989417989417,0.9894179894179894,1.0,0.7974683544303798,0.7974683544303798,0.7278481012658228,0.7531645569620253,1.0,0.7341772151898734,0.7721518987341772,0.9113924050632911,3
0.7373101001664218,0.7737362676737185,0.7248982289860855,0.7522529779297987,1.0,0.5991841305792449,0.695718589765622,0.6818598478064025,0.6994071070013897,0.6915643820811469,0.6074991321573177,0.6698697040460457,1.0,0.581106731379829,0.5464080117054386,0.5593110565066405,1.0,0.9779005524861878,0.988950276243094,0.988950276243094,0.9558011049723757,1.0,0.9779005524861878,0.9668508287292817,0.7922077922077922,0.7727272727272727,0.7922077922077922,0.7922077922077922,1.0,0.8571428571428571,0.7857142857142857,0.8116883116883117,0
0.5796071226095334,0.6543579864099017,0.6463755842791895,0.6315504713395794,1.0,0.4554512821917922,0.6267869565766245,0.5915863395930578,0.3097650450964238,0.3557069696506405,0.3456231342111452,0.3470267204751431,1.0,0.32005844881069645,0.31292262182253244,0.29513685875030005,0.9891891891891892,1.0,0.9891891891891892,1.0,0.9027027027027027,0.9675675675675676,0.9891891891891892,0.9891891891891892,0.7232704402515723,0.6981132075471698,0.7232704402515723,0.7484276729559748,1.0,0.9371069182389937,0.710691823899371,0.7358490566037735,0
0.04199283133321062,0.05546093775940425,0.06107487988753218,0.06001473226100095,1.0,0.03610051139712532,0.04916274745439508,0.04587301418885378,0.8230262013405665,1.0,0.7351695638101797,0.8711871736132847,0.7748360911585761,0.3426402568472841,0.31140302148436466,0.3960180706440097,0.8080808080808081,0.797979797979798,0.898989898989899,0.8787878787878788,1.0,0.9292929292929293,0.9494949494949495,0.9343434343434344,0.6778523489932886,0.7114093959731543,0.5973154362416108,0.6912751677852349,1.0,0.7651006711409396,0.7516778523489933,0.697986577181208,1
0.046408224939322534,0.044771494649155835,0.04314194063740962,0.04174770000406414,1.0,0.042588546974628896,0.04336307348502862,0.043843144191309684,0.9833229591496445,0.8741955600514448,0.7681824491748708,0.8313242356156463,1.0,0.9215333122744124,0.6784031546344861,0.8109282573942526,0.7525252525252525,0.7474747474747475,0.7676767676767676,0.7474747474747475,1.0,0.7474747474747475,0.803030303030303,0.7626262626262627,0.7720588235294118,0.7573529411764706,0.7426470588235294,0.7426470588235294,1.0,0.7426470588235294,0.6544117647058824,0.6985294117647058,2
0.02025999451149425,0.021938809006391873,0.021692884260076355,0.022147108682908503,1.0,0.020365378284123128,0.02067315291942279,0.019419630519077646,0.6329546257167549,0.6651135375804929,0.6625155032516025,0.6715320563329753,1.0,0.6590619770472733,0.7483931711245586,0.6330810337632633,0.7222222222222222,0.6919191919191919,0.7121212121212122,0.7121212121212122,1.0,0.6919191919191919,0.6515151515151515,0.7626262626262627,0.6258064516129033,0.6,0.6387096774193548,0.6645161290322581,1.0,0.6774193548387096,0.5806451612903226,0.6129032258064516,2
0.4904189719400136,0.5894717833987082,0.6138146482251193,0.6377721460954303,1.0,0.5152605217144389,0.46482685448084166,0.63288435347705,0.6761781943836483,0.8244002244186535,0.7286228614893413,0.7086429422993514,0.9706076413454731,0.5444501022780448,0.4330890068754923,1.0,0.9195402298850575,0.8620689655172413,0.9310344827586207,0.9195402298850575,0.9425287356321839,1.0,0.9540229885057471,0.8735632183908046,0.6410256410256411,0.7115384615384616,0.6730769230769231,0.717948717948718,1.0,0.6410256410256411,0.6282051282051282,0.717948717948718,2
0.27599572670660694,0.29770100209086087,0.2881928628693206,0.284345645999117,1.0,0.23355813433853181,0.288560556074284,0.2943973430259322,0.29204051446800144,0.3247616546324951,0.3116703005994003,0.31332461693803254,1.0,0.24785360589077335,0.295265483469159,0.3041919424076503,1.0,0.9887005649717514,1.0,0.9774011299435028,0.943502824858757,0.9378531073446328,0.9774011299435028,1.0,0.5786163522012578,0.5786163522012578,0.5660377358490566,0.5911949685534591,1.0,0.6792452830188679,0.6037735849056604,0.5911949685534591,0
0.38135645853380135,0.41061165558119705,0.3944656697547338,0.395077707987606,1.0,0.31362751565849784,0.389918518907508,0.4018036103172475,0.31515727175833974,0.3354024730368357,0.3209679386667903,0.3404517747376221,1.0,0.28727254136271685,0.3073412253757839,0.311814404523737,1.0,0.9767441860465116,1.0,1.0,0.9476744186046512,0.9651162790697675,0.9767441860465116,0.9767441860465116,0.5512820512820513,0.5128205128205128,0.5256410256410257,0.5128205128205128,1.0,0.6666666666666666,0.5256410256410257,0.5128205128205128,0
0.37474413852204935,0.4742365355165678,0.5059537964035163,0.4412335884197767,1.0,0.5496587908616258,0.34520886012977464,0.34838414837562337,0.43708480920281056,0.5794696396711586,0.5882392914889368,0.5207715021977886,1.0,0.7372183590916161,0.36235919665799654,0.28495158858196645,0.9226190476190477,0.9226190476190477,0.9226190476190477,0.9047619047619048,0.9464285714285714,0.8928571428571429,0.9761904761904762,1.0,0.7215189873417721,0.7468354430379747,0.7151898734177216,0.7278481012658228,1.0,0.7215189873417721,0.6772151898734177,0.7215189873417721,3
0.5746233149952085,0.504775854397989,0.513556615007021,0.6243018785036589,1.0,0.593437670001365,0.5895325491409955,0.6094951891142762,0.2630018668486012,0.22479093395374636,0.22915435761570593,0.331919907306951,1.0,0.29493727338730885,0.29107202916828634,0.30768573238503044,0.9893617021276596,0.9893617021276596,1.0,0.9787234042553191,0.8457446808510638,0.9840425531914894,0.9893617021276596,0.9893617021276596,0.8037974683544303,0.8037974683544303,0.8164556962025317,0.8164556962025317,1.0,0.7911392405063291,0.7974683544303798,0.8291139240506329,0
0.5993984433297672,0.45087715497340014,0.6408268648690727,0.3902699777726254,1.0,0.531472413518084,0.4378223300075435,0.30703894558778216,0.4243273240244151,0.39865749602163403,0.45449955536360653,0.5713965754793616,0.6498076971112428,1.0,0.6334985508809726,0.3025833189124521,0.967391304347826,0.9782608695652174,0.9782608695652174,0.8315217391304348,1.0,0.7336956521739131,0.8695652173913043,0.8967391304347826,0.6329113924050633,0.6265822784810127,0.6645569620253164,0.6012658227848101,1.0,0.6012658227848101,0.5949367088607594,0.6835443037974683,1
0.7884297321236281,0.6536996532504956,0.6871325106335949,0.793403233304064,1.0,0.8354447269396139,0.6872263835112136,0.7168106787898283,0.4353734829803248,0.39343574693064803,0.4760816050173446,0.548402938784746,1.0,0.6674906982329348,0.5004226285915665,0.4132937480814371,0.9945652173913043,0.9836956521739131,0.9728260869565217,0.9782608695652174,0.8641304347826086,0.967391304347826,0.9619565217391305,1.0,0.6708860759493671,0.689873417721519,0.7088607594936709,0.6582278481012658,1.0,0.6962025316455697,0.6075949367088608,0.7848101265822784,1
0.02291533946071939,0.020428232641593484,0.022024097509387594,0.023901426844239106,1.0,0.02142327015863383,0.022234964557712445,0.025207269950782093,0.4151036416591929,0.5343287848170487,0.45446647973444465,0.4548451320418527,1.0,0.34490907712057256,0.3538084208781298,0.5317416690989152,0.8535353535353535,0.7525252525252525,0.8383838383838383,0.8434343434343434,1.0,0.8888888888888888,0.8383838383838383,0.8333333333333334,0.6516129032258065,0.7161290322580646,0.6903225806451613,0.7290322580645161,1.0,0.7419354838709677,0.7096774193548387,0.6709677419354839,2
0.4854824319396225,0.5299260990670149,0.45557191710274986,0.5023193151379419,1.0,0.40811381374175404,0.5123624434286012,0.536167730704144,0.9262623693600273,0.9254089780476833,0.9318112401977582,1.0,0.8841038185054224,0.6817863147294343,0.5663853979020547,0.6085645919286753,0.8488372093023255,0.872093023255814,0.7906976744186046,0.7906976744186046,0.9883720930232558,0.872093023255814,0.9883720930232558,1.0,0.5471698113207547,0.5849056603773585,0.6415094339622641,0.6352201257861635,1.0,0.6352201257861635,0.5786163522012578,0.5849056603773585,1
0.036528056111877816,0.04451927563129341,0.04022030774870977,0.050242626621848835,1.0,0.0281836986899972,0.04662197544914211,0.021933665388880082,0.8132932471557834,1.0,0.6829658174162386,0.8891065207422395,0.6748492239281232,0.35980940056279653,0.29912249161945853,0.3452440296848251,0.7727272727272727,0.7727272727272727,0.8434343434343434,0.8232323232323232,1.0,0.8686868686868687,0.9595959595959596,0.8282828282828283,0.5961538461538461,0.6346153846153846,0.6089743589743589,0.6089743589743589,1.0,0.7051282051282052,0.6538461538461539,0.6602564102564102,1
0.017043095849484415,0.01767640749952492,0.017130585226835127,0.01695414452800028,1.0,0.015707102803787253,0.017631761994113267,0.017015738700630053,0.6332556360063201,0.6396662724302992,0.6219016078667917,0.6326221089445704,1.0,0.5756049834828426,0.6333788058747482,0.6173349462722019,0.6616161616161617,0.6717171717171717,0.6919191919191919,0.6616161616161617,1.0,0.6717171717171717,0.6717171717171717,0.6717171717171717,0.7045454545454546,0.6742424242424242,0.7196969696969697,0.7196969696969697,1.0,0.8106060606060606,0.7424242424242424,0.7651515151515151,2
0.43173989718284944,0.3551255321117932,0.38969033368406747,0.43965130451258544,1.0,0.45436478171693917,0.3894775595791681,0.41428779913819885,0.542704167201445,0.3961489131203145,0.4813095552324646,0.5656146532037724,1.0,0.6400520980912328,0.4570372773443207,0.503086143184447,0.96045197740113,0.96045197740113,0.9830508474576272,0.9830508474576272,1.0,0.9491525423728814,0.9887005649717514,0.96045197740113,0.7547169811320755,0.7358490566037735,0.7358490566037735,0.7610062893081762,1.0,0.7044025157232704,0.6729559748427673,0.7610062893081762,1
0.0250698034782428,0.026862034405101966,0.02623258783407614,0.025608055870748655,1.0,0.022478867824214422,0.026194736269384667,0.025524165151506836,0.527533478009259,0.5529487110189115,0.5551481283885676,0.5601877947164389,1.0,0.5382710872407542,0.5946141313302705,0.5518605834150941,0.8383838383838383,0.8383838383838383,0.8585858585858586,0.8585858585858586,1.0,0.8383838383838383,0.8383838383838383,0.8585858585858586,0.6623376623376623,0.6818181818181818,0.6688311688311688,0.6818181818181818,1.0,0.7857142857142857,0.577922077922078,0.577922077922078,2
0.01611135412685947,0.015497576054043057,0.01468059274247059,0.016802690771836434,1.0,0.014503978499125629,0.014828592569776353,0.01953032720098765,0.3781109882563193,0.44903038448764176,0.3665268741196172,0.37782578571093156,1.0,0.31178396808248254,0.33049147660524975,0.5417344073503138,0.8282828282828283,0.7777777777777778,0.7676767676767676,0.8181818181818182,1.0,0.8383838383838383,0.8181818181818182,0.7828282828282829,0.7151898734177216,0.7025316455696202,0.6455696202531646,0.7341772151898734,1.0,0.7151898734177216,0.7278481012658228,0.6962025316455697,2
0.3157495373109541,0.38556695688450304,0.40932824307864274,0.4291185253498535,1.0,0.31572540271980853,0.30454900286526454,0.4138704781626945,0.6145054277979838,0.7783147659647869,0.8218775044925427,0.753592135067868,0.9816641289670122,0.5632016541421024,0.5237835366206415,1.0,0.8823529411764706,0.8588235294117647,0.8235294117647058,0.8588235294117647,1.0,0.8823529411764706,0.8294117647058824,0.7647058823529411,0.5569620253164557,0.6329113924050633,0.689873417721519,0.6708860759493671,1.0,0.6518987341772152,0.6329113924050633,0.5506329113924051,2
